"APM_Thompson","APM_Wang","Base_excision_repair","Bcell_Budczies","Bcell_Helmink","Bcells_Rooney","CCL5-CXCL9_Dangaj","CD39-CD8Tcell_Chow","CD8_Rooney","CD8_Tcells_Danaher","CellCycle","CIN25_Carter","CIN70_Carter","Co-Inhibition-APC_Rooney","Co-Inhibition-Tcell_Rooney","Co-Stimulation-Tcell_Rooney","CYT_Davoli","CYT_Rooney","Cytotoxic-cells_Bindea","Cytotoxic-cells_Danaher","DNA_replication","EMT2","EMT3","Homologous_recombination","ICB-resistance_Peng","IFN_Ayers","ImmuneScore_Roh","ImmunoScore_Hao","IMPRES_Auslander","Inflammatory_Thompson","IPSOV_Shen","IRG_Ayers","M1_Hwang","Macrophage_Danaher","MHC-I_Liu","MHC-I_Rooney","MHC-II_Liu","NK-CD56-cells_Danaher","NK-cells_Danaher","NK-cells_Rooney","PassON_Du","PDL1_Nishino","peri-Tcell_Hwang","proliferation_Pabla","Response_Chen","STAT1_Care","SW480-cells_Bindea","T-helper-cells_Bindea","Tcell-inflamed_Ayers","Tcells_Bindea","Tcells_Danaher","Teff-IFNG_Fehrenbacher","Teff_McDermott","TIS_Damotte","TLS_Cabrita","TMEscoreA_plus","TMEscoreB_plus","TypeI-IFNReponse_Rooney","VIGex_Hernando-Calvo","response"
-0.124316522066047,-0.0326762217453287,-0.405707575495635,0.325178951879831,-0.354410520446678,0.506308658082095,-0.320206997407713,-0.112431978200121,0.0445143036780375,0.33957757103343,-0.276883199167909,-0.54287064121759,-0.465913769343861,-0.0972650110028574,-0.33843348451011,0.343878965849782,-0.125133622586958,-0.357995976866991,0.141479456899615,-0.168265818016981,-0.371028937212644,-0.673115389161641,-0.324007895137495,-0.330535714838599,-0.0566130314316141,-0.221991593059092,-0.162375882008137,-0.237910351029327,0.250468772466465,-0.0627308744172063,0.0265154131510034,-0.434795379903498,-0.161364301760172,-0.300519075732873,0.0892185525988864,0.344394151695397,-0.057095483390055,0.369776328365292,0.248004023385959,0.764458134272093,-0.0603592708186469,0.291318287546389,0.0933010114063213,-0.941465370043458,-0.30787865747499,0.101383350909549,0.200055356206556,-0.31101551521268,0.185122326015127,0.125230655095692,0.0155306841045902,0.0628222865048396,-0.0143979880541132,-0.198681422718025,-0.30550976200074,-0.272609740527907,-0.0363355093915502,-0.395565367808705,-0.216528468920674,"NR"
0.506530247790919,0.342236866840351,0.42360303081452,0.0696723888574198,-0.376128679322598,0.128207371847021,-0.128766216162719,-0.0182807248713187,0.183841559258113,-0.008926326376757,0.377457818637208,0.76341848527675,0.735577139078066,-0.453650616678282,-0.205126260587608,0.0162923822104862,0.0370370370370138,0.503725153398287,0.101692809072974,0.0876100628930844,0.655114728595234,-0.121234987109394,-0.452284084161235,0.521638252134669,-0.151255128219818,0.0299546787482464,-0.178697988119064,0.167771333153729,-0.10329829709363,-0.0771845882649871,-0.0159231154557788,0.0515844509545641,-0.273936772827083,0.172833314066934,-0.0142691575384298,0.142436632047905,-0.246974491352201,0.732566227797729,-0.00295467404283795,0.0770681418153351,-0.123097510029368,-0.0384107625573257,-0.211225568920948,1.19632301546465,-0.128652653989114,0.0762252740330485,0.230685467938771,0.181206378970992,-0.138866167495105,-0.205297596577348,0.103370221327967,-0.0311910451515561,0.183841559258038,-0.0461838545271617,-0.0164426481652529,0.4275623000357,-0.0625175112769019,0.150317776732901,0.0305069820102456,"R"
0.374163885691949,0.677334759591394,-0.0219252271279672,0.543462874385732,0.212293468640043,0.441808319964539,0.91837633731908,0.904634038085772,0.984847532222576,0.975609756097559,-0.228441907519977,-0.282745947815681,-0.35931540079015,0.717493818273578,0.786389797439745,0.826992297602932,0.9719549770481,0.999622831279859,0.783654734926331,0.932495118813044,-0.306357349937535,0.554177400914694,-0.360701259303685,-0.277933519190784,0.627931390099818,1.69669003818944,0.772870297636359,0.731201486436366,-0.539531471318745,0.918660287081358,0.268645990709204,1.77543853854236,0.545035415928874,0.89613982145105,0.52917832298378,0.93317407430691,0.448344973641978,0.894379479441757,0.888162444206957,0.749089950052065,0.355598296461534,0.880367133966183,0.486323202982331,-0.0535565331035189,0.725839197808674,0.901948394434531,-0.183440308668798,0.385643418856596,0.916189517397629,0.847935209314862,0.947937625754554,0.957741164633379,0.920276642565251,0.849338979943825,0.542252389576226,0.767556395727948,-0.0959023199872564,0.577142422602498,0.881770194193209,"R"
-0.0137718525971604,0.100805436697711,0.293064417821256,-0.548761099238709,-0.30046652333693,-0.474553832312996,-0.342526150080487,-0.399362926397584,0.00308079220366603,-0.267098315313174,0.122582440348138,0.0310965630114451,0.15051462956374,0.0575078544027091,-0.00509433962254852,-0.376163108650092,-0.338569179190389,-0.0948579331155279,-0.330094316551092,-0.19954544013333,0.13808392832546,-0.582119411201886,-0.422970033061331,0.118213539007172,0.114642259352022,0.118730624656489,0.0892670405550709,0.0450403703366205,-0.0825311148827885,-0.0454697066319044,0.132706235136992,-0.224079700927824,-0.184925907548935,0.324468753929388,-0.0833634375165309,-0.406339639310377,-0.130389271611748,-0.425034286655401,0.189036273338812,-0.382386220769364,-0.0216086225779118,0.190700264434391,0.0286235755882552,-0.303408434469232,-0.282118925729923,-0.0824050602125012,0.243660044594018,-0.174343626353039,-0.219919410607741,-0.587763034797398,-0.429514587525153,0.0030813734121467,0.0250864508015743,-0.0853835021707647,-0.587683898977381,0.122304710955832,-0.361184567357588,0.179730048531183,0.184108907387608,"NR"
-0.00364733995724081,0.171780332611195,-0.390589412953122,-0.495857177125613,-0.00484603250489032,-0.373667586402494,0.466580646880252,0.206129837625816,-0.174850675888,-0.214734724666972,-0.506518251804165,-0.733666875585916,-0.739795593477509,0.202810970486516,0.414681519565863,0.367993961124745,0.0128906495629745,0.165262760874944,-0.24833655680078,-0.0750314465407821,-0.530022807136915,0.66537051108345,0.145871801031668,-0.499241422036343,0.510765815079465,0.172782058602791,0.48103266220518,0.0739646144922141,-0.217206990696344,0.102819197129558,0.113203806378104,0.45922823573776,0.247594186312987,0.879856657865005,0.30973569018926,0.290905325443323,0.545264454384611,-0.37869900315861,0.460222024711654,-0.613209849729459,0.410602761965825,0.484950345471436,-0.022301533994193,-1.45168210442745,0.429963327017017,0.0101214071303432,0.15738305110573,-0.453669239208349,0.181383215298703,0.164716245123905,-0.183350100603742,-0.57173359177202,-0.300331123446671,0.352836317175673,-0.206389858097298,-0.598772834793095,0.386350361880148,0.466154380448656,-0.483839509047183,"NR"
0.356040214764771,0.579475602580873,0.257725430589082,-0.239614329050599,0.0115165534667273,0.112201257861611,0.425665100809012,0.465028996646752,0.631978387754591,0.638798089011808,-0.192190467798203,-0.271414131906897,-0.264564718496772,-0.32708472753299,0.211868578108682,0.246039338098963,0.605112450896884,0.782625094292154,0.455241417206018,0.566595199212348,-0.136567380216869,0.0191777333757279,-0.698324002968368,-0.201081819307349,-0.126876147394333,0.634937401848691,0.423192421171771,0.35623800789462,-0.116063209557751,0.534405926724655,-0.059357281233763,0.646363176637983,0.217642074097502,0.562729910367218,0.454206684498513,0.813451929287289,0.0948025771855147,-0.0697221174399105,-0.16495882315957,-0.379856365447206,0.231730123468389,0.70190405631698,-0.0907417520540237,-0.0195551631428534,0.361290403220168,0.448844611388547,0.268157223478967,-0.0294182382569068,0.539634388406548,0.48494113860896,0.471816371171324,0.515005884289559,0.592851113520589,0.530861897472319,-0.155502436140018,0.199082681409765,0.0677622644877718,-0.315713446425768,0.566767462483168,"R"
-0.33514514022206,-0.445314645789168,0.369876028224078,-0.407073921118241,0.217338578091702,-0.616009335802851,-0.555240160523452,-0.759363087131867,-0.575668028921408,-0.543940155896369,0.465663850184571,0.810835152286073,0.707128424770951,-0.471781017149207,-0.378394545988782,-0.412615403709518,-0.658743633276979,-0.630626100075339,-0.583246475112615,-0.658867924528064,0.626811088588962,-0.0539861423287585,0.1897210742327,0.420787890056959,-0.516956787556027,-0.458037519252565,-0.57249652537138,-0.473427900294913,0.189575663126153,-0.587626848763412,-0.0709483836751275,-0.69154444848201,-0.127637447610753,-0.658643598595028,-0.426268706273604,-0.67915097764648,-0.305478454997864,-0.68282409153744,-0.504620607279755,-0.535831028413315,-0.350016713511628,-0.476771232790537,-0.447414687529465,1.50603403654077,-0.568945818474536,-0.624092288277497,-0.0483107126070614,0.125603697370149,-0.616973320351034,-0.728873292234204,-0.730570925552999,-0.694692491510507,-0.616347060672431,-0.58759438240332,-0.442296311476114,0.0122983804794343,-0.0875977069886318,-0.802888923630922,-0.557587394183038,"NR"
-0.166114384983357,-0.166984110181879,-0.343746541059383,-0.122634827806106,0.210107588391161,-0.236763556228437,0.585210603648181,0.458987539212158,0.78453316567121,0.899044505908975,0.131512022830184,-0.115610888666292,-0.138006771947809,0.316687446892561,0.590673326796372,0.568798334898754,0.71543303882718,0.769989942167442,0.362818951327869,0.728918309941871,-0.242580124373377,-0.229529850188491,0.388084990036736,0.0710409192048805,0.231368840803971,0.910658304544728,0.311569827527264,0.301264326933931,-0.195927064448717,0.586335314133863,0.13665029036047,0.714540061970439,0.227203804814555,0.467898906073207,-0.0927550870510302,-0.086637675622651,0.198653665400079,0.381517727505833,0.413398189097302,-0.390432486799067,0.180693392319707,0.449110454516899,0.552585312470535,0.379068325064451,0.25743306686576,0.54603448237346,-0.255062771651208,0.334286148497262,0.615604190441623,0.511261055489213,0.585764587525196,0.735060620089438,0.777968068975905,0.43223205290882,-0.0833980724613329,0.2645994652637,0.00564875235843923,-0.174787160374692,0.640182688503155,"R"
0.602105072335018,0.441871714469769,-0.0655852906392152,0.443233890550273,0.226196674803373,0.388390107432611,0.352863960896614,0.370891399019403,0.507201549088946,0.584485793311501,-0.143226915992647,-0.53551866651781,-0.444828188437091,0.658513050518539,0.549581743116962,-0.221511476351441,0.229579324655731,0.441790294191595,0.330168000063008,0.4296974950386,-0.171809094415604,-0.72142699552188,-0.186778795516704,-0.304443328142719,0.196631010518243,0.675169224583557,0.357481167346548,0.116195446440342,0.234176939403951,0.501243893436049,0.0824984273406721,0.344316705354816,0.239927454780513,0.00220042751163729,0.384092721518772,0.613817816055837,0.0725008470038363,0.769080849993782,0.800213742377575,0.70404827759615,0.113561711924584,0.645258916634034,0.22955408395727,-0.979448368285174,-0.0201474699364049,0.557339195929966,-0.355464343288191,0.103402881493722,0.439891178344998,-0.305588230516448,-0.082117706237423,0.202004520328197,0.627129477176467,0.452151249503226,-0.172445548165676,0.347311705365761,-0.0482537542681494,0.561438754562286,0.346501570745606,"NR"
-0.463935195302712,-0.60717049003863,-0.111995057176946,0.308751815643263,-0.0518612710789365,0.179502315046035,-0.550150122802924,-0.411599432170186,-0.490108920603976,-0.383706311289905,0.267406014592013,0.531636051594215,0.379026986500081,-0.567756826103102,-0.549785851485579,-0.39261182076595,-0.426605813382163,-0.248868493839695,-0.0777026802660684,-0.00278114781405825,0.141047651876294,-0.379427195740109,0.320348659539462,0.357320473556126,-0.539614468022907,-0.293283313931459,-0.557903273350071,-0.413575781514403,0.20718166816374,-0.530087109001002,-0.0767347587244769,-0.104137838597559,-0.0988066120793408,-0.692003017728872,-0.42399303281769,-0.709373231910412,-0.217476939780539,0.562837522580536,0.42717042811343,0.636095046517451,-0.180851286147155,-0.641038536493303,-0.278417677606376,0.936551521206397,-0.421166550420624,-0.592822995641137,-0.179066943254734,0.170850595403582,-0.553333886755939,-0.190232971275535,-0.225253199944028,-0.588239093510162,-0.513674944985577,-0.509138395200415,-0.179474279964788,-0.193568711571322,-0.233702217170459,-0.458806147165356,-0.602871393283595,"NR"
0.505403682200957,0.45836736666245,-0.136889525651372,0.368032740465099,-0.239298551632114,0.484865445683568,0.0172435494021075,-0.105721799434839,-0.485192115612089,-0.41499664470965,-0.17277509838855,0.0913382852826281,-0.164362195885145,0.459283487443304,-0.0308176100628908,-0.182795263767563,-0.250200888737967,-0.450968066381628,-0.366981260028943,-0.290269858872961,0.0746968677379994,-0.367183119409478,-0.146442685649756,0.0465311805145922,0.339722281517911,0.202849520210142,0.268346406863369,0.122331576438939,0.0105143984734323,-0.100986173010204,0.133760873205884,0.0984309267268201,0.16676099486693,0.626744624669946,0.359078912050033,0.891167966290251,0.250271480239142,-0.492894727422899,-0.0707864462186103,-0.353043106554888,0.293086376334741,-0.50031710237172,-0.238735586675728,-0.106462002903558,-0.0376711573199522,0.0640524062049397,-0.399593059894418,-0.21138385274521,-0.011262820109493,0.0767253600570529,0.0862047283702603,-0.0661620712142645,0.0561458660797816,-0.0266591799465466,0.453785392757594,-0.0367033912140726,0.260489181956617,0.412822344735566,-0.255378034973086,"R"
-0.303171270204463,-0.422348361309896,0.160752743949262,0.809008887362916,0.381421152395513,0.820826378858367,-0.0480158152272804,0.176251140811457,0.272555800062878,0.305695247674098,0.318193904620805,0.711463995845957,0.625713227568308,-0.678591930091224,-0.279506437423907,0.158113530875442,0.474439494685683,0.15545637415129,0.367436056878623,0.208301886792538,0.398481960233999,0.00776582788669433,0.116976306134431,0.119228404805064,-0.291812277839124,-0.468911460994845,-0.232619341789649,0.157604716079918,0.101875686056837,-0.237707382066524,0.115504711367078,0.215254632754693,0.152503987682385,-0.0943496612802414,-0.33446071874519,-0.6964229584459,-0.123315257223877,-0.109468658012463,0.162554983299843,-0.0283505154640046,0.13980944726077,-0.584276423088363,-0.199928692443232,0.84112065963888,0.260181712749308,-0.57485082895366,-0.316957663243754,0.0747520117250621,-0.0271007782673954,0.460366751132646,0.573063380281737,-0.462494846726241,-0.555644667333708,-0.383038594027252,0.560865281135054,-0.433311705619416,0.109808634879614,-0.34678182163253,-0.524363956836775,"R"
0.5988284619123,0.702216500665219,0.0127302613965374,-0.0295974863288957,0.073831216074904,-0.0961698645904117,0.664784562502138,0.441706113673622,0.740836215026736,0.648918783002255,0.203052927201703,0.466724335816917,0.503574089140799,0.820622445771825,0.508903318942175,0.423155974594624,0.619605352794136,0.690407342217721,0.252655483033175,0.50388323856163,0.177392375249678,0.665851807180576,0.382199682125999,-0.0972456224298322,0.549393387882186,0.977903722028147,0.686215199153282,0.453761913666033,-0.290073692782818,0.660781889989168,0.27853205882455,0.676685375077268,0.236895354346458,0.800641267446327,0.411196175572324,0.76871817438864,0.410930105094941,0.314438149478229,0.576678925253223,-0.0877545888861894,0.244709974151424,0.788209713882938,0.1190280774272,0.709801994148092,0.44746986175561,0.671088077900043,-0.218032916947506,0.0289292200305697,0.645093427639505,0.198516436499586,0.386822605780816,0.688100525075889,0.771103250977327,0.677825352043246,0.0647138577607269,0.578610209618189,-0.030218621184108,0.461598902713965,0.732419172222944,"NR"
0.162369513268769,0.292513097624229,0.16681094773201,-0.289589426696366,-0.149977061786608,0.110542050407021,0.0736941472624582,0.28504332266539,0.252584840330292,-0.00678903696263639,0.0656300439018118,0.401914808945863,0.214401373616091,-0.0669078744951756,-0.301625680685511,0.216287991410061,0.0993450775827607,0.5907324329831,0.272173544514082,0.0863677981908459,0.214967985469106,0.665045124832615,0.159330985915516,0.194769462994929,0.203592350469292,0.108401742893131,0.27945688485155,0.154108979189242,-0.0696119530389609,0.12484260891463,0.168559223267402,0.449534204140357,-0.0743430829808147,-0.379281865173006,0.346640963032815,0.428637259756927,0.228827328322904,-0.0230730541934003,0.278487786920745,-0.180412371134169,0.121555818007623,-0.210946537843184,-0.182019837250822,0.365742833415765,0.207720533227682,0.0449165211281007,0.390374358827605,-0.27269284490465,0.194867405284433,0.303286814683284,0.306966800804843,0.0908068221076644,0.0245770686952296,-0.0259727935555948,0.209758708508501,-0.0199563127580715,0.230771907221084,0.609346565384314,-0.0948351037774793,"NR"
-0.334439734238222,-0.058582934809966,-0.224917104297533,-0.569215142458272,-0.136213800898366,-0.00729317484370037,0.116112687885672,0.217446031846,0.00565859792516044,0.271679351703763,-0.197285856569387,-0.295816106761877,-0.33633788771904,0.253620027349525,0.17552592742222,-0.145174164013461,0.110608061372013,-0.00848629620328306,0.258819664146621,0.174842767295666,-0.296104786529081,0.743812676420237,0.605039515683439,-0.264155049692779,0.255180460559977,0.250979889589177,0.255598896173999,0.174193772649692,0.134758620252552,0.099057978343235,0.11094145060567,0.336777747607349,0.0857388917459433,-0.50207809614913,0.148753758768029,-0.0454516879360903,0.239649092715735,-0.510789348963547,-0.685384524840606,0.0236359064621537,0.169687823694513,-0.340571190336517,-0.0468853620431063,0.260711528877171,0.31394473437922,0.206908930315831,-0.206131501961429,-0.18893338740031,0.113631632334261,0.206913692966566,0.146447344086692,-0.251908040737143,-0.567753633102099,0.0130142122321089,0.584198700446402,-0.0036379430722292,0.60477592117059,0.397111368094778,-0.189786463648802,"NR"
0.501046149164141,0.379884563057033,0.311001424912808,-0.493509972518977,0.0044733973717562,-0.590162137113708,-0.695050031744347,-0.642586199364069,-0.585790631876457,-0.601898415891304,0.311630803383798,0.485369460080248,0.501428569072337,-0.562093903446552,-0.336571681440809,-0.561769373043438,-0.698819628362809,-0.83989187829992,-0.579113644936396,-0.626132045493809,0.42578140639538,-0.680444857852165,-0.468289574458652,0.11864379141012,-0.417746000045845,-0.677114152315578,-0.586275975777983,-0.374149760031004,0.0556447601580815,-0.555630500328275,-0.0104625197187158,-0.830121155318337,-0.380516213933025,-0.139423083702207,-0.0286262305014114,0.0114415037405243,-0.366894932623593,-0.355676451997347,-0.520148362356136,-0.657405079205301,0.0317582136883473,-0.410970846496315,-0.367346885685324,0.537985298004301,-0.536162681534486,-0.626141414382016,0.108591479639389,0.206787552932526,-0.611181705200718,-0.730291970015776,-0.796277665995632,-0.604280087329405,-0.48940611265711,-0.397933269850526,-0.551174480838777,-0.34023174750098,-0.508072571211153,-0.477907838758884,-0.361450226231216,"R"
-0.644868591775902,-0.646357084588285,0.0411081766308456,-0.784552623392144,-0.149784371285751,-0.71064166116497,-0.826998112019921,-0.793357731557129,-0.832686081980986,-0.790294191601475,-0.029200637492727,-0.23796979198451,-0.163379540082117,-0.697891374232238,-0.760454475753927,-0.752582457650132,-0.919386279318803,-0.965740507920144,-0.446228517758818,-0.867672955974565,-0.106784441029069,-0.0691064579009972,0.0120422096361132,0.108364119109922,-0.531701854756632,-1.94802493354814,-0.658176879729586,-0.591419004174863,0.189715812504485,-0.826810954130134,-0.0700302066909775,-1.59353524807401,-0.450284389446414,0.0563309442977974,-0.427610959996222,-0.818359577387254,-0.40784730810617,-0.496568027795849,-0.440472554213224,0.136727348551813,-0.107525803658329,-0.833972464952464,-0.3701548439299,-0.525190181572397,-0.604533028161205,-0.761506153634743,0.0408535655816614,-0.218408051741211,-0.814257037551486,-0.802514696470956,-0.922723843057929,-0.828121248426466,-0.805092738132269,-0.701009567566553,-0.560903361406138,-0.776280899099181,-0.186820609941948,-0.561730727078015,-0.872122279531516,"NR"
0.363636753397019,0.0206621484469394,0.359500337379384,0.0692988549263394,-0.299940222715893,-0.619682465196061,-0.561827075388518,-0.431350192149478,-0.193102055837779,-0.321284888106583,-0.149254440430218,-0.212858712338968,-0.156069671870425,-0.436749274091293,-0.380267365493619,-0.332487386284487,-0.301115123706419,-0.310598441035996,-0.380166696361086,-0.407902598808419,-0.209132738906437,0.0520027667735518,0.101086088426561,-0.413637391582582,-0.36672662687421,-1.12077127953244,-0.334384837955366,-0.220536036239826,0.476172838648345,-0.447821799237583,-0.0245956692210011,-0.489176521245804,-0.09368245506493,-0.639283403116978,0.0596347169041383,-0.0125922763176757,-0.216272649335912,-0.134688161829252,-0.530286592824868,-0.811981393009504,0.049964445547099,-0.66692887241759,-0.441016107876723,-0.413697238803422,-0.327842870000915,-0.594790893958584,0.116769188128085,-0.354609583384913,-0.372671764951431,-0.403709100855831,-0.499176250161363,-0.479591341577488,-0.510845646022994,-0.262796497976298,0.0509002444858865,-0.42097257952157,0.171402919683285,-0.540739351178757,-0.539392404006845,"NR"
-0.377978730200843,-0.391722336449673,-0.273354810986127,-0.00486188046407252,0.117452134206198,-0.183836477987282,-0.234198650804813,-0.105782166343483,-0.302580069449369,-0.759869248176751,-0.175587609190641,-0.435151326090683,-0.460582478536854,0.565869121050239,0.0720213897244285,0.223924911148226,-0.389982057500072,-0.325370882574866,-0.058975853179227,0.120535028703509,-0.387061962531827,0.400600900945627,0.362764127159095,-0.416988580148925,0.172507544744336,0.0553422427228055,-0.124438549811667,-0.146534119432648,-0.0676196973861631,-0.23884983888048,0.0479081695637712,0.201862139833099,0.0575404750653102,0.773717505215339,-0.155402052002111,-0.436910155083346,0.180210793156148,-0.234773531564188,-0.137623763885104,0.34661805380939,0.0564678202390452,-0.0491607468409759,-0.0392486267571003,0.0330566806533808,0.104672303003301,-0.434452512036482,0.0268326360030743,0.175615489936923,-0.369089411574658,-0.0199459477566435,-0.394017272853284,0.00155094021886759,-0.0447942300722979,-0.296594423839381,0.0200603697648067,-0.469626767538098,0.380917674535008,-0.478141310782517,-0.144065486868342,"R"
0.013346239075031,-0.0878412825737296,-0.230148119608643,0.863673520719323,0.35796556040228,0.809592016396144,0.471432176251673,0.48427658167363,0.584784658912332,0.745159668091496,0.340218854924098,0.535787502760637,0.474966745810836,0.129204652624904,0.404735358524132,0.464669307052605,0.604517225423795,0.381506160422421,0.259150163491487,0.48082167668927,0.171454748301605,-0.562610891343033,-0.515232053687617,0.262384576720191,0.0525380016456897,0.673820703295555,0.165358561036645,0.376391427894405,0.013170914590392,0.535267015292365,0.206698363247012,0.618909344866223,0.281563869802624,-0.436637233586957,-0.0813351775105519,0.0176023134469437,0.00162667121601811,-0.0905192569240543,0.442131583233374,0.0113150616041291,0.042415605422494,0.456915073959768,0.412940750317362,1.41101663235842,0.311553011872757,0.410971684107549,-0.382339604598651,0.435721357794713,0.566631383770643,0.504695679525698,0.741741685473113,0.546786567727329,0.511044478588042,0.214554458932011,0.562110689211377,0.553562208828017,-0.189438462787129,0.217106918239067,0.533264549748818,"NR"
-0.105711451901489,-0.234864856124268,-0.0821120984117689,-0.0296728166797904,0.0519249074644255,-0.103035521048373,0.743626976046632,0.665577532791303,0.714995284501792,0.790797083228586,-0.0344686140502392,-0.370151317828378,-0.307847680537466,0.0841902174901968,0.612862945187095,0.255475334908322,0.649688737973815,0.671611767664081,0.571005532482652,0.706352201257899,-0.278691372620882,-0.29295443289351,0.568930318037426,-0.0383813069499438,0.305445776534586,1.15561289091262,0.489591594255915,0.421981565692732,-0.36846036910778,0.659024912785069,0.143809904554392,0.894897246152991,0.396675893405133,0.497417566470705,0.09830531959425,-0.294369525616724,0.329876114906757,0.218432277423378,0.377255296410408,0.655713615336688,0.129833457263973,0.626688646275004,0.544199420669041,0.0289248121700745,0.367708828926805,0.68132584350184,-0.302869162149474,0.343584981755285,0.667719626279815,0.643887008709258,0.642291247484949,0.823481323104011,0.723850895532917,0.68349484614336,-0.467817884394393,0.523043952090661,-0.414513965918683,-0.000979621697534544,0.581974293974433,"NR"
0.0377631157657818,-0.158612697668304,-0.134493151222067,-0.231266146402631,-0.290836935941848,-0.493442773072256,-0.573808734926771,-0.538065259544297,-0.752720707848781,-0.817010309278101,-0.170862660060542,-0.42070761589424,-0.411386869876745,-0.588674173891498,-0.358047553367108,-0.592789721856063,-0.596018241979063,-0.865853658536254,-0.668729923481299,-0.756736615942078,-0.231347885872827,-0.339313965918328,0.00202752300998654,-0.031231943007927,-0.121871181063461,-0.385718198541433,-0.279537969808688,-0.476048802699881,0.0498701004785949,-0.514215083012785,0.026118534137844,-0.42293265284582,0.0522834700335146,-0.546271847101521,-0.0338405416740984,-0.0740994722958163,-0.0403278979998981,-0.336036715704796,-0.769912617086747,-0.904702036710729,0.082478838198596,-0.177772735984942,-0.14538057687447,-0.970226855141335,-0.394296025773957,-0.451470450979179,-0.174594062538091,-0.410131579038205,-0.492599438664103,-0.464185403057015,-0.678382796780468,-0.626075641540895,-0.69292063537575,-0.470689328683682,-0.415155004413487,-0.44792966683282,-0.120654760418197,-0.459466370052756,-0.478341036471527,"NR"
-0.742629402756597,-0.658896346062656,0.01680028348596,-0.604124332566463,0.0583250598111349,-0.633118923850259,-0.6432214727337,-0.527061186984631,-0.678411134538313,-0.783882323359093,0.169847329759672,-0.198036752725857,-0.135939408194586,-0.62621345594987,-0.423303317767039,-0.276443176937203,-0.730286501117062,-0.56286145335664,-0.487051067237487,-0.607980412064347,-0.0997717325174423,0.0682807864955937,-0.218302086472965,0.116277089314822,-0.256751684458066,-1.67102091580804,-0.574971278241467,-0.400393501758835,0.330602156117886,-0.675428866132873,0.124392839481955,-1.36512796610609,-0.0894777946120707,-0.270274557745393,-0.47082167701622,-0.944867039667993,-0.236247946137324,-0.412710989305957,-0.876406613440549,-0.169962345072404,-0.226862683449201,-0.705363981605416,0.0653640735751348,0.0294839772182757,-0.42425338836254,-0.635577316537011,-0.29895548557617,0.210070415654943,-0.646532566559232,-0.627344269122931,-0.670046804783459,-0.754917108160629,-0.642559910757138,-0.713371151160641,-0.624633062962536,-0.492916251741958,-0.0218895655476982,-0.370883412768835,-0.701993061159137,"NR"
-0.286333269790264,-0.132130541663169,-0.416187060381333,0.819593787335688,0.27002047748678,0.74676764430296,0.710469292909159,0.61710617385496,0.525998113800735,0.506914759869203,-0.420154662365544,-0.824680429329123,-0.723978023897347,0.642044146913514,0.600723431281967,0.59757286401254,0.669181915361867,0.688081468443516,0.559998327314831,0.610943396226462,-0.575392905718968,0.282126616013858,0.236792833140961,-0.383244416662165,0.54686554883138,0.674094134182003,0.491703949574938,0.447860633431662,-0.161688788524885,0.532052443858607,0.272612971991579,0.79886778536481,0.549715610553586,0.794102854268859,0.0394111532686244,0.0501665933237267,0.408750820122125,0.0653389098235568,0.583328094549583,0.89772441538847,0.395901190839722,0.503866222417821,0.417886653778205,-1.63000736786957,0.617746632667001,0.597028085523626,-0.422011335088814,0.144076126108569,0.593721657451997,0.611767869532178,0.587046160725906,0.520340554615485,0.515624017604542,0.493248017920223,0.451279756229285,-0.387978046758094,0.502478360663709,0.381571051897088,0.521389289876811,"R"
-0.503152563880729,-0.415291881263726,-0.511439818733096,0.212326899007903,-0.239668000450606,0.024339622641498,-0.550036296694034,-0.29263322131778,-0.465388242690721,-0.489376414382696,-0.532727241573164,-0.809096816905355,-0.736367000848872,0.454145236684243,-0.296969292445416,-0.319306376015356,-0.560020121989614,-0.445184812672872,-0.136974489184855,-0.490068062375961,-0.641048211649491,0.54480286738347,0.346579648972922,-0.622560232294773,-0.45841001507576,-1.14013696668772,-0.53012194586534,-0.31754479485595,0.288928681256128,-0.526933021294848,0.124682863506098,-0.467928328182145,-0.00505542388900023,-0.239720820312517,-0.309295897180335,-0.583831017790847,-0.270345520675012,-0.108742202478945,-0.577293015653424,0.363979493065301,0.111182295294204,0.41192911048241,-0.342512242409936,-2.26372064967141,-0.206526846722885,-0.417895398004479,0.0779239271817543,-0.10801545882085,-0.51384592091643,0.0239762345033193,-0.426559356136718,-0.627790937025967,-0.404133484932772,-0.422745746080018,0.48051369511435,-0.679599073589749,0.570847972860757,0.101703409805005,-0.533205096736157,"R"
0.404732077673196,0.613517544672784,0.020899553173804,-0.400438273864541,-0.0588095879391919,-0.00535482994819622,-0.158084886471873,0.163322047853837,-0.224074400071817,0.638170620177046,-0.423112448708958,-0.692372688684369,-0.651154530744545,-0.219528367136907,-0.329748334220901,0.258799330918681,0.181269557672325,-0.122653102349811,0.285334195771038,-0.268434322992264,-0.440485080368035,-0.420865863617556,-0.229488693424447,-0.0740753487737888,-0.0965139574345663,0.167218076153476,0.19904418298331,0.104280605708132,0.00117517310236212,0.0597621514270005,-0.151869711872078,0.171858412430803,0.0299365969016886,-0.362756192631666,0.478692085057327,0.756710882001641,-0.116220936319181,0.538724024934147,0.313687984133654,0.418091526276088,0.0675790287741523,0.105496947747856,-0.0538228768803358,-1.32451304638027,0.0438795779065452,-0.0104950220218657,0.10870984938548,-0.308325463443061,0.0511880099189882,-0.0736489111039736,0.0768360160965063,-0.384454980785932,-0.00603583778679273,0.162991768177286,0.217063040635852,-0.333575144895571,0.185599531240556,0.0886242667630857,-0.217145140241505,"NR"
-0.477904114601555,-0.341679683074871,-0.250142987546525,-0.133972743027703,-0.178214575086501,-0.368573931463448,-0.212494482872594,-0.0681404795931961,-0.02734988997173,0.357681669600176,-0.269351012187393,-0.111341292826351,-0.187682842446972,-0.273095909980432,-0.319361608941427,0.0951751902874817,-0.0533861535559076,0.0436887100829307,-0.153510262588958,-0.0313260111453042,-0.421479282444708,0.509378457070735,0.239726179795699,-0.0829046294977877,-0.0283320316061582,-0.539640356795568,-0.215188358462011,-0.121378685210066,0.172221458529377,-0.111003323780465,0.0330429251705846,-0.542835453573406,-0.3369297018433,-0.175342637998281,-0.306086436938419,-0.532853542547325,-0.212073645080644,0.113101974097859,0.454894071792312,0.038031179280818,0.0285132529768603,0.0088011567234898,0.117518838258804,-0.544785185503714,-0.288069757224475,-0.159691292452693,0.182593639141521,-0.451058600028426,-0.177525901866299,-0.0910051440455356,-0.0391096579476667,-0.0289271789712015,0.0864508016347448,0.0131898580172271,-0.0325061083893318,0.14079068053967,0.142839164359427,-0.285787684860102,-0.156497672663308,"NR"
-0.353655551771504,-0.565592053779398,-0.14027591694396,-0.550616433568503,0.108945480170638,-0.351620038364042,-0.405617277431379,-0.327840542399987,-0.288977989781689,-0.309969826502468,0.0037575906091305,-0.445761830047794,-0.192206345079876,-0.148524773267381,-0.512736663088157,-0.308647078204491,-0.501037540086872,-0.467372434753712,-0.552393041457087,-0.295380371114236,-0.326789192699183,0.017597964944967,-0.263778725971813,-0.173213086104603,-0.173744787055463,-0.289582237948195,-0.384564562513014,-0.330536542645068,0.401945245524634,-0.408110011430903,0.248704985005449,-0.324006764825206,-0.0380133819019021,-0.389304774376645,-0.43534616123076,-0.701026328297503,-0.164799679963429,-0.418052530390241,-0.553981074179317,0.232791525548447,-0.0535225469151754,-0.58961463506626,-0.115289558420827,0.227569634579872,-0.339234889547826,-0.384713351211214,-0.189110902763663,0.189844053097894,-0.453347637877191,-0.552781893094921,-0.456044247412188,-0.423599871012045,-0.659226658283211,-0.506570978177946,-0.461614964534418,-0.493956754633449,-0.0118337278467422,-0.257344750280023,-0.405189110188552,"R"
-0.278992168798765,0.17062174413107,0.391572883548208,0.672926562105606,-0.105930865542949,0.492042225272926,0.255758338577785,0.183692123043989,0.0684690348947328,0.0936007040481672,0.109834008656489,0.582222928851746,0.503611053832638,-0.545987367861398,-0.0392401362290841,0.278840992944945,-0.164685908319156,0.116733718883477,-0.143051290186672,-0.0437735849055764,0.395707086721219,0.0716397726920799,-0.158967515452555,0.0367733285525402,0.155004260058116,0.209175168420589,0.42731237097916,0.136250640740813,0.263768741464642,0.305839548327392,0.158874654994756,-0.174292421720982,-0.0220324246586836,-0.636413181065368,0.288841096689196,0.5314012698812,0.124208020760907,0.0236388784106972,0.474948125470693,0.773195876288635,0.0647235933806579,-0.347268498145418,-0.0293896376178808,-0.312615301605156,0.00132873571145477,0.396185583494427,0.260384535016917,-0.46491588650245,0.353259008938847,-0.330061658487449,0.114625251508996,0.657248586393188,0.108348448150137,0.242073961218203,0.467029898381631,0.587636366357019,-0.302039866831411,0.549160097246839,0.418183896977946,"R"
0.653926238850961,0.527448992477587,0.224730858696541,0.767529548576003,0.273419078799898,0.748527874944027,0.622115882396559,0.501763786025307,0.463542807041217,0.162456625597192,-0.0783211744777966,0.0444393570779683,-0.144354341926893,-0.514399449490484,0.213500760886094,0.643182652625725,0.731965549442242,0.608687452853962,0.294404396011887,0.25280502045116,0.0204336402576672,-0.0404812938003963,-0.109657947686115,0.217925360240639,0.213111451984475,1.0034338573357,0.648392306853168,0.46768352120417,-0.578188882729291,0.647163670497667,0.129217971525028,1.01835191113656,0.370121332416283,0.279438121705142,0.474495164462293,0.724209467530026,0.427922033030175,0.605218090838648,-0.36097315647194,-0.265778224792558,0.277795698131761,-0.648037278862411,0.30218025343163,-0.656466421069128,0.518485591331474,0.579166709861998,0.0845176643060195,0.398039357355515,0.695183675351156,0.682553916896073,0.695683052273383,0.608288265626964,0.229058445179264,0.495271650556423,0.664004856342087,0.529944090174409,0.0595131454900403,0.519949360830432,0.496563232757355,"R"
0.407351743261657,0.0183337513668954,0.453237895066025,0.189337421096781,0.159182849949447,0.416267857422676,0.518834750370732,0.486291170584143,0.66055350595305,0.673371888358115,0.155125175582963,0.524119471537483,0.505647027618894,-0.0909394733791274,0.303156511295112,0.522120993549449,0.517008869251938,0.699270807141051,0.239702061715371,0.531729258043246,0.448912311858132,0.15475067597303,-0.452606141603066,0.419787682676318,0.390458679505163,0.711333305716726,0.505626354054687,0.374599802408242,-0.0825662232907213,0.476624390560776,0.105952762673536,0.662703218405399,0.217114813248121,0.467277119931267,0.308543102290024,0.338593072232375,0.445720951247771,-0.0968270754641899,0.12294547805451,-0.00647472969574098,0.437489176081828,0.0569560570818237,0.237560476287801,0.554544693587737,0.397258831780569,0.428951014679407,0.250752188993536,0.193395219379348,0.502884743776115,0.479580720239339,0.395120724346018,0.504426863606516,0.19190685000144,0.465948076262698,0.0850207521066506,0.465319048602772,-0.120618998328489,0.777317185814644,0.451149317590463,"R"
-0.0682909883492377,0.236616078840606,-0.22375455487237,-0.366315243140318,0.0162824924983755,-0.0813155627177658,0.224979156513082,0.498693549221479,-0.289817823714762,-0.328947212633932,-0.231963806665138,-0.296437334258526,-0.380384183521952,0.379880540710533,0.342386061578803,0.624179445386439,0.242896607564047,0.0713741502586736,0.170208382412022,-0.257842115112042,-0.297577922819963,0.54762239827016,-0.124874245472812,-0.370224045298159,0.365878597302013,0.311600300129648,0.11507844870257,0.298093211316811,-0.0517609510462204,0.127538677364372,0.20826458571765,0.572441915859105,0.342057843177752,0.482522318621947,0.322850829977166,0.519016785063196,0.227229599730958,-0.528818534149355,-0.487246663029444,-0.597211030672039,0.279157044370352,0.213385112658203,-0.150032824405088,0.195009002344094,0.357797572844629,0.314424645242981,0.388048450833733,0.248015199440186,0.187674172366515,0.577013663354758,0.477319262251029,-0.431545425468102,-0.249988565778232,0.174321650133112,0.439604739988891,-0.39399754519062,0.304116774459213,0.271080740255097,-0.143473978382705,"NR"
-0.382764706778397,-0.283724125382863,0.305780136342361,-0.491125152289361,0.138588200260647,-0.284976999008499,-0.535756449985674,-0.519838052213732,-0.351575915359904,-0.736359064621354,0.136622059246449,0.503636297625796,0.415869603846195,0.173295895456319,-0.316418014973611,-0.362153979076603,-0.313728993205797,0.348606998572051,0.0567183995136305,-0.0757460120431533,0.391134062215409,0.217457093962707,-0.206992786133503,0.164760297206259,-0.348625007226024,-1.67375708447556,-0.395161197310176,-0.303442252721763,0.284064505854951,-0.425547816305337,0.00767495652241754,-1.55977826575718,-0.124484311059809,-0.727524204702318,-0.202646495778011,-0.559942163827184,-0.0679391556282661,-0.518951439516526,-0.585151191299365,-0.479947196379075,0.0991398884886323,0.635066323002464,0.119667501924332,0.303342560368913,-0.250274848799126,-0.430784689502744,0.420009709604852,-0.039371411373835,-0.5988749250734,-0.470571870209624,-0.522476203374104,-0.278908061301642,-0.507995851771865,-0.299914277194243,-0.495822818767346,-0.0642213666122066,0.299218571414559,-0.267909935159562,-0.150930190323481,"NR"
-0.591721397650236,-0.43898851680971,-0.319149591953129,-0.0320889874486683,-0.15242242759727,0.108605938060096,-0.0440528634361039,0.0346151425514598,-0.250167308728877,0.164683763917413,0.0637331162149998,0.318500615865923,0.339366127755983,-0.286533378005536,-0.15993710691815,0.522241415873999,-0.0233918128655384,-0.14727834553223,0.226133667791227,-0.103899371069122,-0.270234544342116,0.636429188136331,-0.651912235575605,-0.363823053515414,0.116869736121118,-0.157736722621055,0.0297911143467796,-0.0773465364244996,0.0575021693200983,-0.0714818026023369,0.0877148560916285,-0.131445745557536,-0.145752325709311,-0.220682493052525,-0.264450545295657,-0.225179733457727,0.104500153430794,0.530310490428642,-0.00993273401643652,0.36528790545634,0.117082116869638,-0.510405690656281,-0.0865521012634189,0.379358331242228,-0.147859128567561,-0.140074747527372,0.565290905995954,-0.372416352469084,0.0119996441023254,0.456966766258321,0.438843695874764,-0.159220949883274,-0.305666327601214,-0.315066571431457,-0.0647875060922203,-0.10563050499876,0.092394392604742,-0.0255345911949593,0.126881828072779,"NR"
0.536970744125034,-0.0559628532431597,-0.378465219835566,-0.125448028673831,0.102586055296514,0.107023788578427,0.355939086182486,0.193381631927489,-0.0519551970770642,-0.213624384076218,0.0239852212394492,-0.303469095744544,-0.113412555432049,0.0218638330499008,0.312891019351327,-0.1762355595049,-0.143549654395208,-0.12327131003277,-0.0822322889140855,-0.0101151251697767,0.0115043537004778,-0.131178928484618,-0.224260514297654,0.0322435847179797,0.202434679594211,0.648145997465327,0.186964529099599,0.0647487983652265,-0.594858690263708,0.13368309521498,0.0930875882747572,0.367991164912663,0.195359131648293,0.54684602449958,0.200394150713465,0.666528125227218,0.0749754148948072,0.399634964165678,-0.321888907149441,-0.536145335680011,0.137797810857757,0.0392698406503416,0.423500826863427,-0.187895404616073,0.0615225268292056,0.244461820673145,-0.273103772043201,-0.0603906334558642,0.120467334021427,0.0420853897837682,-0.136569416498948,0.309908650372883,0.362894787351725,0.212053449494933,0.0872217331153289,0.262763148838143,-0.136656548757983,0.151607642127098,-0.00176122782741087,"R"
0.0420072946799118,0.469540722523007,0.247159112766346,-0.370018613098926,-0.0501759362143605,-0.506711986383823,0.16926871519345,-0.155796275427842,-0.520465262495781,-0.483215991953658,0.28996155407979,0.576783830158482,0.484471159539754,0.648684491676215,0.129366403915304,-0.079637667484424,-0.513093096505381,-0.581531305003619,-0.453908653952435,-0.548553459119292,0.409568184867254,0.729441259373965,0.32314297360163,-0.0544161883700897,0.206060122128832,0.710438522895584,0.115051423056735,0.0527758328834797,-0.0986516664759421,0.0400211243119198,0.185973530623326,0.46815300802738,0.083626622546435,0.455343182972438,0.127704597866428,0.153957377255327,0.354707394332966,0.418436363231841,-0.521940706744478,-0.0119436761379063,0.0633527736875296,0.6635604739963,0.070347849063369,1.30222747942849,0.0606294227394153,0.129083632670054,0.300119609122677,0.177353632720287,-0.05777959379077,-0.472760627017574,-0.486418511066331,-0.339365438358913,-0.339662382801015,0.233797038974921,-0.416741791803442,0.262908251899856,0.375786579173195,-0.0716289567762093,0.0911295955531799,"R"
-0.641256505874516,-0.365051550672455,-0.298939182624884,-0.279821521278532,-0.128820187773085,-0.00748427672954113,0.00528386749031906,-0.10264528213392,0.268484052743923,0.468694996228273,0.0239875122009189,0.220675306784255,0.221427890383405,-0.262253282957966,-0.0367181599521598,-0.309469375089519,0.197132616487416,-0.187899074395675,0.121679443147478,0.379041421247121,0.0401378339902463,-0.570535259086819,0.0123868209255369,0.0722667151866171,-0.214623149726133,0.28041746808022,-0.246730671394676,-0.306542983742492,0.0774979753536359,-0.0379088736044131,0.067006947339057,-0.216436772699104,-0.141982303294336,-0.510813529485571,-0.18016673546682,-0.246437934063554,-0.181761836746955,0.0242675719854734,0.0826051423901775,0.549597686698496,-0.0362793049164172,-0.0810963726660802,0.197764095647413,0.753220243076183,-0.372918894240994,0.0712276309914272,0.0113187843340571,-0.141459201911079,-0.0507141508840477,-0.259409307830072,0.078470824949722,0.537315274182027,0.512027792167796,-0.00941528731626581,-0.546486048699874,0.381163889407609,-0.341045789031488,-0.520337297155825,0.286115946242527,"NR"
0.295210323398975,-0.241777782868727,-0.337016331697813,-0.529546249432407,-0.0200331716136389,-0.12104020375659,0.0284609236763956,0.347212075418751,0.501603269412204,0.363716369122424,-0.179230006404686,-0.642168333343543,-0.517126687261797,-0.427357674741518,-0.303584939944676,0.404721659520024,0.446393762183265,0.609682741479862,0.381782501452291,0.513396226415147,-0.328810187381079,-0.376837843788276,-0.474441957597977,0.0796632208289689,0.120887587250996,0.160478896280751,0.0969827469301946,-0.1054215377605,0.098952577194293,0.0228791634033657,0.177121683142073,0.38435838756674,0.213247675490211,-0.468917921891614,-0.044339190563103,-0.446068672287531,-0.0616185049260369,0.29124279484077,0.626469616745944,0.481721406709262,0.162150075887773,-0.100961840699021,-0.0684083556075989,-0.589776425877553,-0.0369958812291589,0.22066862965893,-0.38464208868384,0.150247408738621,0.106446777528633,0.60210356754965,0.583375251509134,0.395784651606785,0.265567632481579,-0.159669348705058,0.226713551382464,-0.227578422878583,-0.0681410479632591,0.571454993591502,0.412584427811495,"NR"
0.325096496501109,0.239312752011567,-0.0310478580781851,-0.721638252206587,-0.199711090826208,-0.596729559748198,-0.49934269543372,-0.543638720454551,-0.654322540081392,-0.654199145084112,0.151335152257663,0.317864100565313,0.452410911359035,-0.558323721859038,-0.624968553458888,-0.595597293319647,-0.720492988744452,-0.764709580085264,-0.393982847450408,-0.729371069182146,0.040875802959725,-0.17103691127464,0.731922224433251,0.159632557549279,-0.44419504287016,-0.0562227950978399,-0.326552413331599,-0.452800615734833,0.17659231772823,-0.53736050755622,0.0365941947300322,-0.280589910532392,-0.340316579860047,-0.611027285300955,0.12167524439472,0.331605551116793,-0.18519921245826,-0.413882144240053,-0.130276107734163,-0.732901684686698,0.00710845461352993,-0.625133588985917,-0.241124124504227,0.406284662939675,-0.559931878858138,-0.473213654572403,0.127861861186746,-0.414596725953903,-0.459156247906648,-0.661514266070947,-0.584821428571265,-0.507443294203703,-0.504716066439417,-0.375974158829842,-0.340856615843501,-0.127385818926573,-0.423004141525599,-0.660979500831931,-0.574055219889408,"NR"
-0.332659491836747,-0.485134625714245,-0.22359478493874,-0.311566650260263,0.0270056648616087,-0.565116517824118,-0.691267530913403,-0.743305480752107,-0.843319710782364,-0.704425446316076,0.244811934229602,-0.198277799497277,-0.194549208928648,-0.464989125458844,-0.714726262719239,-0.684988059874773,-0.795636043514158,-0.982775961779829,-0.66142316653407,-0.799937106917973,-0.117392143186463,-0.139151577174035,0.416631242984066,0.120338345824817,-0.550497057912262,-1.43089879151376,-0.712986685753682,-0.589820729098006,-0.250476663627117,-0.724638113106225,0.0231420121732135,-1.96751807383384,-0.180561031705937,-0.867374064744535,-0.423357797233861,-0.638272458665931,-0.454735545615389,-0.67546837671301,-0.311135775829684,-0.784133769172458,-0.170124663004195,-0.931909110710496,-0.284591664861633,-0.741142657996251,-0.624960364664749,-0.675548514368294,-0.123374083013919,-0.212862327016635,-0.732209148681292,-0.719547834854574,-0.783550945812295,-0.85360332033707,-0.853976098393339,-0.696222318473536,-0.322153375044253,-0.573948753552367,-0.375054532128707,-0.641183320294558,-0.780866832264915,"NR"
0.0449634794817095,-0.466491897562509,0.187797712259683,-0.47275477552333,-0.220210476533081,-0.590958213071118,-0.792550938998987,-0.740521041335928,-0.725448966918003,-0.803432235353043,-0.15172042298875,-0.149292651847256,-0.268189685833178,-0.622025971297954,-0.663045241717003,-0.763968682583155,-0.84668739479524,-0.869122454110813,-0.520829481869652,-0.646120016371664,-0.177892639557616,-0.733144696575272,0.218753004020811,-0.315504216863184,-0.578678385717527,-1.563621594803,-0.714271149295745,-0.574849937517366,0.184716816127942,-0.787806477016441,-0.0955870533228618,-1.48235722459592,-0.123033060941402,-0.771164202866408,-0.469183250820913,-0.828440309297721,-0.283249655023556,-0.436522144854245,-0.59534279048848,0.744627122594939,-0.112910217665006,-0.773684541396799,-0.180679008760161,-0.168621334720407,-0.578009230607438,-0.710842350678121,-0.00794689259220205,-0.0967754580875987,-0.794162723051213,-0.763091525551913,-0.884557344063986,-0.753736243793909,-0.748738892930687,-0.705918966716595,-0.476262644411309,-0.510482681333651,-0.0523320286980171,-0.214949921773606,-0.70204327195529,"NR"
0.0581687838007772,-0.0427732632723698,0.417483071363858,0.938565050619371,0.139733392287264,0.801823899371096,0.772687224669632,0.744181601304134,0.829487582521232,0.785579582599931,0.203201563016974,0.547689130424028,0.451728677699146,0.571313525771658,0.624254224641713,0.810934495691362,0.761205644664299,0.866545134523493,0.639810424427533,0.73377333453851,0.574543542928311,-0.113873614948284,0.0783606501560643,0.563291339940193,0.4007774169429,0.584188976846381,0.540836004784133,0.562653054447531,-0.249618720448135,0.731863771627829,0.11658066174083,0.748078366578435,0.455833993001234,0.579089651703769,-0.0565889052470092,-0.139184007040881,0.188221303003707,0.634801301457903,0.90714779656755,0.744216746291143,0.18318002324211,0.684729993084815,0.311316248387152,0.340325108849603,0.580241237146157,0.650735456444159,-0.212591471206592,0.535588180916907,0.706937594812718,0.812319983743552,0.946491448692159,0.819959753490127,0.81276328198683,0.499728107769235,0.731848406948955,0.669950654972338,-0.331189914946148,0.603816930936893,0.836771920996372,"R"
0.0899040532637188,0.332553414492588,0.211060182143308,-0.33024848761689,-0.0480278504605383,-0.419149127351855,0.493574722439164,0.388692602833396,0.640301791889424,0.41570279104852,0.433577758480981,0.736825877158203,0.736330980414172,0.352566958963991,0.41741734580831,0.109752188820245,0.528453750864576,0.794191601709818,0.172146784910216,0.683335438376813,0.520091767165237,0.0123142243707483,0.548889081153586,0.139652522934937,0.351339774609781,0.972112170594363,0.468212166591918,0.406606765166615,-0.132959545177487,0.604048434607711,0.0997947859334509,0.626012916140038,0.189532735734687,-0.00176034200930947,0.142178238323248,0.321608648780371,0.109412790846751,0.866415925476035,0.655502941731172,0.0747823922473423,0.163412463258301,0.563577790117449,0.209567441000826,1.48653301602452,0.0579327353860013,0.65244303110967,0.302005781206368,0.480386436562362,0.55836539800068,0.0986039295591953,0.497228329255256,0.660986223100338,0.537985506497506,0.521842969658381,-0.538009257908386,0.683832292442304,-0.352635402017288,0.27551905172028,0.664560876130588,"NR"
