"APM_Thompson","APM_Wang","Base_excision_repair","Bcell_Budczies","Bcell_Helmink","Bcells_Danaher","Bcells_Rooney","CCL5-CXCL9_Dangaj","CD39-CD8Tcell_Chow","CD8_Rooney","CD8_Tcells_Danaher","CellCycle","Chemokine_Messina","CIN25_Carter","CIN70_Carter","Co-Inhibition-Tcell_Rooney","Co-Stimulation-Tcell_Rooney","CYT_Davoli","CYT_Rooney","Cytotoxic-cells_Bindea","Cytotoxic-cells_Danaher","DNA_replication","EMT2","EMT3","FGFR3_related","Homologous_recombination","ICB-resistance_Peng","IFN_Ayers","ImmuneScore_Roh","ImmunoScore_Hao","IMPRES_Auslander","Inflammatory_Thompson","IPSOV_Shen","IRG_Ayers","M1_Hwang","Macrophage_Danaher","MHC-I_Liu","MHC-I_Rooney","MHC-II_Liu","NK-cells_Danaher","NK-cells_Rooney","PassON_Du","PDL1_Nishino","peri-Tcell_Hwang","proliferation_Pabla","Response_Chen","STAT1_Care","SW480-cells_Bindea","T-helper-cells_Bindea","Tcell-inflamed_Ayers","Tcells_Bindea","Tcells_Danaher","Teff-IFNG_Fehrenbacher","Teff_McDermott","TIS_Damotte","TLS_Cabrita","TMEscoreA_plus","TMEscoreB_plus","TypeI-IFNReponse_Rooney","VIGex_Hernando-Calvo","response"
-0.406365305320038,-0.142555342250769,0.457538324200968,0.809676251612446,-0.062793995510172,0.809676251612446,0.905001236521062,-0.0184783130393401,-0.106028351468466,-0.544441869429754,-0.428432865016498,-0.176362391050364,0.325876280877026,0.0242399555008658,-0.201488903296303,0.277889776003109,0.416363450943932,-0.393076495843254,-0.433923708820448,-0.214456992988096,-0.570745519678008,0.179341391974109,0.0862777849159049,0.322573766658052,-0.0871913227681594,-0.021048985270567,-0.164250202551407,0.0461230680253423,0.0169146749113331,0.301593038925518,-0.0688446259951208,-0.125105650562393,-0.00522142834514146,0.253102083672497,0.244292437176719,-0.445084603235692,0.175959254677663,0.14448020110676,0.162340635100011,-0.663738047843359,-0.698649320012834,0.0352540567421296,-0.00667951188178512,0.141184410448229,0.0430501322507686,0.419090229571442,-0.290693740672059,0.150120931635016,-0.395910288094734,-0.140515951180511,0.205443285226177,0.108177555084472,-0.37974187505392,-0.177929085303104,0.0612604361355458,0.681958365458799,-0.248091201005618,0.433630180018474,0.14804405578155,-0.284328487879124,"NR"
0.0605203983295667,-0.393483689382264,0.302687466306038,0.145449949152591,0.37183550635881,0.145449949152591,0.378714400969883,0.0751051319782604,0.062021508664099,0.444437307297026,0.505169867060579,0.218775543964291,0.221532140766215,0.673510215615128,0.630707587789294,-0.173027499357387,-0.0367609254498545,0.370615443916292,0.471003789095132,0.227766359236617,0.405265094077364,0.520932767152709,-0.64801490427859,-0.151731226311929,-0.728901734104413,0.561454016526902,-0.39966709277664,0.301543817488463,-0.0929311056566081,-0.00335493141657203,0.075607958138778,0.121771078725329,-0.000252445473731762,0.259483658955881,-0.0172611558512666,-0.615389556169032,-0.200601588093311,-0.490815671162617,-0.14760651915532,0.0320488118176403,0.00976173656159268,0.0505013853073328,0.0592290626536033,0.0515788763746505,0.742093553779426,-0.178492761669774,-0.174902979555487,-0.434127373745874,0.285968366549037,0.117664633524974,-0.0703863212701555,0.310646085008137,0.440197070723465,0.367096992367546,-0.0894633088912506,0.0627730660499019,0.206737370375767,-0.625853965603386,-0.379664654090827,0.245031577104081,"R"
-0.263519973599967,0.145193602720668,-0.15457686250557,-0.560826533634999,-0.159698308287852,-0.560826533634999,-0.584830550567798,-0.386137173130667,-0.0768023867116178,-0.536742034943123,-0.76161818332186,-0.180927508868782,-0.584788723096156,-0.49130097054474,-0.474386289029593,-0.325128696679112,-0.518492830765279,-0.492375931238821,-0.429965962366142,-0.279327744190067,-0.378963161253205,-0.388980815346732,-0.152755902361372,-0.0475278112642536,0.851958895311461,-0.347971600770145,-0.405790761403227,-0.78100248172626,-0.292039629199867,-0.422225054960514,-0.0606856709208821,-0.381286219070992,-0.0867827469660507,-0.990837799266772,-0.0688516706628193,-0.528218380257084,0.0652173121470303,0.0194605009634325,0.139296324951506,-0.176351217298044,-0.323053466020728,0.0472168696262842,-0.686797492293932,0.112874596594038,-1.20972098928002,-0.448459943199349,-0.338987789490717,0.448192134276151,-0.1886240101063,-0.356948427657154,-0.478888300710829,-0.484036744395102,-0.53824754202669,-0.52383609462132,-0.489594544149152,-0.170822116432082,-0.143247872693212,-0.160078207491503,-0.629233372147944,-0.463684733964517,"NR"
0.19844090464004,0.367551216670966,0.221281571849603,0.347764473295546,0.232920619139079,0.347764473295546,0.41410222994937,0.459535028945945,0.441198868671568,0.453259067638027,0.075203904694661,0.219352008899301,0.592929674061766,0.511229528065853,0.491094497149932,0.390055938174249,0.616404208889327,0.208899867302304,0.444159013550852,0.260899805360286,0.394065568012931,0.301899926582089,0.233658229138191,0.218359016563957,0.12637642103524,0.2790035064246,0.324205823506017,1.30047789039752,0.503360550542404,0.464036982006574,-0.207241625146743,0.549015024545299,0.0124028392880697,1.03068427828852,0.396292816786048,0.135651670425169,0.36047572990418,0.82466599457956,0.143343096915803,0.474246481689675,0.349250490990327,-0.110914937022215,0.663776493256275,0.349654724026678,1.32543965667151,0.376292746440247,0.575036485419425,0.261316577121871,0.255682401448078,0.561381737821315,0.490862217666023,0.388150766944771,0.565810116431996,0.386616582726347,0.57832505010967,0.131171722686579,0.588640036485082,0.0160720025715229,0.58003529433355,0.673331502382782,"NR"
-0.522354728026779,-0.601636422080145,0.50669444572423,0.479164435878184,-0.380157962795361,0.479164435878184,0.205606092193369,-0.713793992833559,-0.657367744066646,-0.847957348406515,-0.890437351487397,0.366093554230741,-0.721577831347946,0.677492328683155,0.610020374401145,-0.665529797616354,-0.655255802982276,-0.710779904921213,-0.840408451609404,-0.734725325068819,-0.750210919957356,0.592320255472387,-0.422887855683058,-0.541420193406028,-0.452551693818209,0.5719074127945,-0.584250737639555,-0.873837015990796,-0.734201171678878,-0.521683452768396,0.0619418149215754,-0.687324642470459,0.00117270808929933,-0.43101624583967,-0.326809988798445,-0.747960691116657,-0.485908126360061,-0.899743095697514,-0.290182579862124,-0.25351077775797,-0.838610236979589,0.0997027698156426,-0.743224149005004,-0.225346529325708,0.962879857384873,-0.488218007695131,-0.707310960220126,0.0562803370566954,-0.0756888203534777,-0.689355264937888,-0.57716034847887,-0.513361083670505,-0.848634757469215,-0.898573997943996,-0.645740038280483,0.161783603186918,-0.627147944781649,-0.528745846596235,-0.828053717150241,-0.743654006811515,"NR"
0.290749735736682,0.377289546866767,-0.4710129147593,0.208898224432775,0.144215550429117,0.208898224432775,0.268260143439564,0.703485298139309,0.517318696402396,0.66771582733819,0.827885171151504,-0.277879321130301,0.624386739287301,-0.417366764880162,-0.428292866130174,0.683792215192659,0.702995378135486,0.71566234099958,0.560464966925711,0.47755057952808,0.571860594564054,-0.456556698629139,0.504465927165035,0.4431090320626,-0.831021194605636,-0.37872271468141,0.543053802219886,1.02663917318506,0.585035663297022,0.586956919104945,-0.236857593226831,0.582963666541456,0.260413167625401,1.10472638440923,0.49507570291866,0.821632731710463,0.318306522596415,0.626846499678862,0.318292072995504,0.101884342135444,-0.0109819536317145,0.0691669247554468,0.645600513808447,0.35780052441924,0.0632176739235992,0.615528516723696,0.579524874544012,0.0739076617653423,-0.0448242917230535,0.590969233879396,0.600629941505462,0.739320357165786,0.615792081918106,0.739272867420385,0.552210379436817,0.332069013626538,0.319979595966217,0.614562381093231,0.287095520528328,0.602982166824711,"NR"
0.0780580049729468,0.402196668069731,-0.564850830672628,0.648389670639826,0.137500060880647,0.648389670639826,0.627610729606634,0.660300197624034,0.617386185351949,0.758221993833542,0.797957741956192,-0.311391633873628,0.611124839625794,-0.631512857387351,-0.610789670082421,0.632085229608463,0.631007476757099,0.765707310805547,0.716203198253172,0.489985372868245,0.641647432419008,-0.506821708332474,0.807745972903068,0.726726661567205,-0.858545319820803,-0.597078334275284,0.604825017898827,0.447048620680825,0.597019449886027,0.517027913396577,-0.0570060722377345,0.625462615881502,0.362465855474825,0.721248640007592,0.422270875278555,0.625537927933732,0.136350734242485,0.431302987402259,0.439652484510247,0.0828697992224792,0.361972386194314,0.133387909469691,0.839370584457206,0.331225667779472,-0.998733708782345,0.487898817942575,0.610992042055441,-0.0642359936351073,0.0669897097218302,0.64134597871415,0.615201253778191,0.728142866319738,0.698280250889284,0.753426979256556,0.595998529803472,0.431807507210313,0.221670442719018,0.705888237911684,0.218804343747662,0.669278491216049,"NR"
0.80444556500673,0.42133383133533,-0.0837122233156109,-0.12460907114514,0.24287414973196,-0.12460907114514,-0.129243502937665,-0.0368233926596726,-0.0461884042646026,-0.409092197834651,-0.599255025367999,0.164862718268196,0.246166011586113,0.217293979967267,0.306532683880401,-0.150930269901517,-0.400014840468781,-0.311966394011192,-0.0703230364138037,-0.396716460652026,-0.381248198769702,-0.116125823538827,-0.333617638143392,-0.245291769514092,-0.347077713551871,-0.0286750408536388,0.288094946424287,0.845421484161185,0.365138902681111,-0.0721543566804383,-0.0377411162878775,0.0762359988375911,0.161790545604959,0.424571301349524,0.15270845472278,-0.461558224677006,0.301284574713732,0.708734746306893,0.110896343281375,0.0318935999791803,0.107186436323971,0.12723372782976,-0.454527938343129,0.212984390112644,0.621327171348309,-0.382631571704568,0.407988564848447,-0.195888204503096,0.321833383369657,0.212195238551052,-0.512512561609646,-0.183982392885898,-0.0258271763571981,-0.123089482107645,0.0826095486013191,-0.620535344477178,0.18559085570498,-0.167748523305115,0.708830147895259,-0.0243557611978758,"NR"
0.509535604250704,0.224099332144048,0.463355789648774,-0.597634091517709,0.0968035207994206,-0.597634091517709,-0.227074775822576,0.0184759607302522,0.0133101851851551,0.321034820028293,0.0663412754479848,0.257955136393828,0.0467170412137426,0.417564877544921,0.50403404859169,-0.199196343466361,-0.516966580976724,0.140113066940859,0.276860831032074,-0.0419300720725627,0.188841768582199,0.504398231043827,-0.467776636747607,-0.637422679033788,0.0427745664740284,0.475846429646769,-0.359545934954314,0.421470854737645,-0.0516070548396445,-0.194998250713422,0.0216893121165398,0.076739997426981,0.0117180328654533,0.0740993080775408,-0.329219004795588,0.016699852270656,0.0480660838378422,0.4073062958037,-0.0422997609212682,-0.0389210019267362,-0.700626877994396,0.247633555717935,-0.197530349149359,0.006506934912476,0.523260894755398,-0.363632520719317,0.049673067514747,-0.15591051225338,0.282543096193512,-0.0138862102217893,-0.344111658884063,-0.232671677265837,0.41338913978696,0.0557553956834356,-0.0559267145142571,-0.441797836173812,0.462106458942643,-0.627529535079427,-0.469153945736313,0.158151789730703,"NR"
0.599065220246296,0.549548351463336,-0.179023792711433,0.532541873399719,0.332989000462448,0.532541873399719,0.439516570822549,0.876597884530618,0.740632487504554,0.93415981500516,0.93044762699889,-0.129070999301251,0.743639704241213,-0.431916355185336,-0.546946508251261,0.847846770590313,0.750796073366418,0.921302839522,0.907905722175841,0.555627265362541,0.705832136881497,-0.203908353573096,0.190894256408029,0.630062568937536,-0.960693641619211,-0.185783163404217,0.647041948216452,1.63831797425652,0.747839163925127,0.691916591356289,-0.383442183953003,0.828801906335129,0.353361657875252,1.83540788899799,0.537561730990138,0.92118954332328,0.483271087226505,0.776300578034657,0.448495437028401,0.260905514695892,0.436901933080748,0.158503284516858,0.904431599229263,0.436466183188422,0.0630246393781623,0.725903298878065,0.762791239039365,-0.455973730139663,0.459792352109762,0.862120465836186,0.849006877932777,0.865099248410092,0.853978506034051,0.926965570400841,0.784255769080366,0.435141337430816,0.505632980876782,0.471631434609,0.753646469189707,0.86542095756382,"NR"
0.522515864451864,0.544619348599933,-0.0413569878757857,-0.190811788488508,0.126903118719303,-0.190811788488508,-0.114309580415035,0.113297325102839,-0.147470018113831,-0.205935251798422,-0.383584046829923,0.377770555790955,0.30921573680879,0.549818017581628,0.569669766257814,-0.335319653262441,-0.366547649046528,-0.123923936785141,-0.0712221437286838,-0.436126027529189,-0.236531996366135,0.390497749462851,0.418446814937301,0.163577742622362,-0.477777881937244,0.138017182697364,0.345685992661836,0.703337571832722,0.278079978457915,0.00484553802164844,-0.0573335526235631,0.191431879583163,0.203158319429181,0.10211689625722,-0.0453400327379355,0.312126700035355,0.0537126343105912,0.515765833889601,0.0995790210909846,-0.625497752087579,-0.372101984458429,-0.0571195040227734,0.0763048860817787,-0.0417083278018457,0.965075306881731,-0.339384249429722,0.365111160189484,-0.259520047065754,0.419441933832793,0.106975249116043,-0.350683311906911,-0.244491552643185,0.225506983898465,0.0856243576567064,0.155438416045275,-0.212593986711192,0.396242656941919,0.441652863122625,0.295109239782077,0.254996465522735,"NR"
0.0522275634627423,-0.0906861665580297,-0.0856975987710615,0.860520398329547,0.444087249414972,0.860520398329547,0.713885821710903,0.350616445601698,0.527086440875787,0.518385700333174,0.406486225645591,0.0904397745657647,0.332165296629395,0.42102961478893,0.449537375606415,0.674156593644896,0.466576788134715,0.563407426442207,0.478967311026928,0.45622806636248,0.621731028721904,0.339377441470883,-0.0743929076191215,0.650823918834388,-0.532048811817899,0.0316728905435661,0.172432625211372,-0.05089822547232,0.261274672211644,0.365672072601064,0.0401841690726704,0.420927619935521,0.0901901260850412,0.29135504170242,0.3671388762518,-0.0890103432134158,0.120951108122419,0.374309569685308,0.0909631104398293,0.554859342341592,0.552822554749229,0.203811769207957,0.205547758161846,0.235055288807051,0.468947128418538,0.376962634833135,0.354106951795131,-0.145385151393136,0.0586819669643863,0.393011390066155,0.532708244164227,0.619772595875856,0.374584255733967,0.465256696380545,0.335877183718813,0.640392220240627,0.450064802540885,-0.0520072527890422,0.660169929122438,0.40100822307369,"R"
-0.0707098461709258,-0.489581496099326,-0.229479171024617,-0.627626084163614,-0.153645605733041,-0.627626084163614,-0.618651989301263,-0.529845065224845,-0.431274095432583,-0.732809639589762,-0.929466016987363,0.156943941497434,-0.172894686144887,0.186603325241378,0.1626453134329,-0.432152631677571,0.0418549890802601,-0.607808367941391,-0.530987091388226,-0.492307895277335,-0.579880379687991,-0.10443530348538,0.685853783887837,0.543047146321621,-0.00411046885031308,0.148001971176345,-0.0804715276848907,-0.131599788074625,-0.509485037113806,-0.405392437015129,0.00911664901947332,-0.502539731782553,-0.0135773187844398,-0.156334093008505,-0.185158327818792,-0.276745922441007,-0.279310856479724,-0.634168272319017,-0.330221402263667,-0.688567758510424,-0.73322201528535,-0.234150178458884,-0.448676179987929,-0.112721002287971,0.682125268098374,-0.348578057209081,-0.399898523431527,0.12138407849791,0.26405622028048,-0.463586779964568,-0.508118484813068,-0.533114922592617,-0.514502694831718,-0.582346273035851,-0.266703978140879,-0.584297095862044,-0.23215187324172,0.237031489322792,-0.0372168448903174,-0.440419755676751,"NR"
0.458216899705577,0.284723581013481,0.170249065625634,0.535689045936299,0.109902595073489,0.535689045936299,0.0926928404664987,0.489103100811614,0.470005426656254,0.395176836626262,0.108791985100542,-0.202691277256233,0.604330326406664,-0.0523506334812954,-0.144888353765535,0.478529252106818,0.4330154257173,0.225515708917597,0.345683600947906,-0.225364787555363,-0.0452130131458954,-0.0055813496700071,-0.17947890073573,-0.249976437589163,0.264951343302163,0.183736186363788,0.466723852646932,0.789806059364548,0.47062299145912,0.375432641705682,-0.045146050349522,0.540142080286243,0.132000038706396,0.577099820712786,0.46987668458479,0.304322692530107,0.389528711203939,0.656005138086053,0.255808508635286,0.585851794988823,0.265898209629882,0.295507419350156,0.541233140655125,0.336480053093001,-0.109256262666745,0.412474144342043,0.602691714102237,-0.299238402817667,-0.06580895340081,0.557683902058726,0.42390328884455,0.452735802024004,0.566606861263071,0.40907763811278,0.54602685911937,0.343403799254094,0.520151910180175,-0.317737258837814,0.785325072332467,0.584711213330008,"R"
-0.464288884028991,-0.539023057343722,0.287660895492726,0.443909639818542,-0.261515797588726,0.443909639818542,0.264466676499648,-0.596554862063951,-0.520711839969985,-0.771449474738193,-0.877400295421609,0.0828697565496373,-0.661242174672422,0.500627474148728,0.427264753516084,-0.699519586261408,-0.473319532415206,-0.610432994989278,-0.795838417571721,-0.34413899587152,-0.512277841921574,0.185273329201812,-0.296466607384708,-0.0414461846446375,0.0943722761058293,0.125826468682884,-0.487437964927715,-0.705353340517503,-0.573135073832431,-0.424866651112186,0.085396880363807,-0.577922354346766,-0.0492724997579811,-0.0549890991700167,-0.172196929851544,-0.635557839295754,-0.18788144626192,-0.8228644829807,0.0472917916960579,-0.285126848103222,-0.62841179115068,0.139124452876426,-0.659822112619711,-0.250521064345921,0.881553275424509,-0.369836263341249,-0.655475727505402,-0.0578198576393009,-0.321297184261624,-0.570017238601526,-0.255683117108693,-0.629087171580929,-0.768288465441777,-0.824126413154723,-0.60901562452175,-0.509484442247396,-0.50062904094025,-0.0631870482680165,-0.568497261718254,-0.638581088746626,"NR"
0.443472731627907,0.471076267109034,-0.0869956508144726,0.0360886893462272,-0.339271168462781,0.0360886893462272,-0.399256437042145,0.588645566716408,0.616267708127963,0.783851490236403,0.842270888189578,0.0978325448110544,0.748561805383794,0.558978157461375,0.370229657608366,0.589910442963051,0.502374077788928,0.54169343440828,0.716460086057423,0.326051910754773,0.528793640472382,0.445750614492608,0.0415007066684274,0.62324370010561,-0.722029543995244,0.410057867176333,0.5564064935556,1.25049678772915,0.719049333153873,0.49258316826438,-0.00185331623550921,0.693486126854891,0.10671998890525,0.726418895514186,0.196801255792336,0.695805767872071,0.363339416683293,0.798522800256877,0.472002569664732,0.66030828516375,0.225875348320505,0.276148464142656,0.781374438021788,0.398321868799428,0.0912096280141713,0.418074163435386,0.68685234426086,-0.406457402821565,-0.477137341308528,0.673158983392464,0.52001302981404,0.496177812038263,0.719751794607712,0.715248175608563,0.696629602600153,0.580333749209804,0.707661027599808,-0.0398052398376212,0.713446248311421,0.691641012161713,"NR"
0.0702694455420799,-0.138696671857895,-0.214851621482719,-0.478544477336342,-0.138225023310472,-0.478544477336342,-0.23047619679399,-0.163966049382789,-0.171221200962557,-0.260149023637972,-0.236657889666722,-0.160757072578887,-0.368899746717086,-0.503896791950696,-0.399589960371785,-0.32210404652542,0.352662457291227,-0.0466401130668113,-0.282640806627768,-0.211702810376768,-0.214509092612285,-0.352696761745064,0.204676859822738,-0.287129790332533,0.096037662379341,-0.256885677367823,-0.149164448233562,0.157473661463257,-0.372060269030536,-0.115775033127957,-0.0527462225655941,-0.276884414004365,0.015343082218668,0.303127708627904,-0.090680964548998,-0.27451987924702,-0.130098617686057,-0.105908798972332,0.000136283251325065,-0.649430150611026,0.274296853277157,0.050014100402039,-0.0362235067436944,0.079106153754559,0.0498604551566868,-0.126618558081246,-0.365507424493051,-0.229227480802621,0.199094506024052,-0.284423837147884,0.0835634199355275,-0.023447035395308,-0.412742621196428,-0.250963514902125,-0.341197218416027,-0.272829344640579,-0.579231202792993,0.294581122241696,-0.350622998449738,-0.246504922329083,"NR"
0.24555745649788,0.0793567495859316,-0.0867895514849393,-0.250176644120722,-0.106804833638312,-0.250176644120722,-0.445251507449717,0.183513374485575,-0.0327866822880176,0.443024152106909,0.442938796480658,-0.175791092928942,0.455645479048616,-0.291518926192468,-0.222188389166,0.228218966846627,-0.372138018268352,0.446214035660896,0.53516151820694,0.338439287780479,0.483224554770983,-0.139677167891903,0.330164502545424,-0.44523915256271,0.320790316032494,-0.193011935664665,-0.0827008803143204,0.371871987486048,0.149200935976213,-0.142411199144026,0.285690033607051,0.324695740380994,0.0738465478177453,0.0389890343805295,0.0327706423381742,0.146830239578768,0.157644533290926,0.0131021194605407,-0.00818331283969975,0.212256789970098,-0.412304925823875,0.214683706277282,0.163776493256299,0.0251642415627415,-0.900868418611527,-0.170038848521556,0.339205229027747,-0.124540370161647,-0.164011672693783,0.300734253595358,-0.450551111419201,0.0582642769963566,0.451587603644299,0.34412167800813,0.340822239640239,-0.204629024964954,0.390270271991662,-0.177594966551456,0.0839169825869465,0.490139719241912,"NR"
-0.262062319306263,-0.237864156219653,-0.279661778455585,0.556800836993937,-0.142852191494062,0.556800836993937,0.650586575729087,0.473767138581861,0.569403427700277,0.340430425628593,0.51929869629439,-0.374789018230667,0.52218468607587,-0.566554317710688,-0.475186837789336,0.628372274228827,0.483455730266309,0.600668122831767,0.646971935007397,0.378069516091912,0.476391624980388,-0.488805239623095,0.111577686468808,-0.205414279058082,-0.510737154847359,-0.52017994399793,0.430833457722396,0.359412106296147,0.318433158993171,0.399736844067693,-0.09787685073242,0.442187983960237,0.0702984124721169,0.375579278097532,0.271831522545756,0.553435825709545,0.0352028433006071,0.0405266538214928,0.289326344327874,0.164828354311717,0.554712246756356,0.403936975382961,0.418368657675041,0.35909316053249,-0.747648124042436,0.513798752677544,0.520165796217163,-0.198319629418814,-0.258998174797196,0.431105535118481,0.650103295149805,0.814736301149851,0.397709269896744,0.461652106885942,0.354291920348447,0.657020653881811,-0.0210416483264801,-0.0325297332047655,0.395275104562869,0.421906225413346,"NR"
-0.303175518993919,-0.408069585994581,-0.276879279600192,0.726116286540264,-0.0427575166002728,0.726116286540264,0.548287605217394,0.44440688694452,0.124871549005587,0.404903886639509,0.307571065410144,-0.241680829199251,0.470692126052662,-0.263457432505607,-0.363280036645722,0.34720094136184,0.619293594505179,0.57612745727871,0.418213345321453,0.407712637565356,0.44044606024197,-0.402760483695474,0.563864288474065,0.589802602448294,-0.0312780989081128,0.033090893087548,0.313726914558931,-0.0118840488619698,0.278835775762921,0.403117911192696,0.11305744772085,0.494771556034039,0.126814918009348,0.229594196637349,0.188560036562075,0.139829147665348,-0.0465193127242614,-0.330777142697123,0.253143105922434,-0.169798967306124,-0.589351490876988,0.316000262956248,0.509539077224332,0.195791629099315,-0.700655681641543,0.502076293638164,0.129347460844581,0.20675546731408,-0.268318290527318,0.419292714286851,0.296977558646209,0.465182094938015,0.424273355647092,0.547755877222251,0.431793528124862,0.255759386336933,0.131689390365078,0.436457771106992,0.0636851959762584,0.375999707403611,"NR"
0.352138537242529,-0.157081276063531,0.490421923995745,-0.459942177963739,0.216956064199053,-0.459942177963739,-0.403257286315624,-0.0227790914373704,0.0869984567901063,0.302558771402097,0.0159912658146943,0.398968099558938,-0.261439830866375,0.478727599095137,0.602137917350462,-0.109740426625438,-0.245656132110744,0.305828332606885,0.266842206666267,-0.206096805222498,0.198273366636602,0.590677411426109,-0.639959549987437,-0.49660802186475,0.227701663383828,0.575890282822291,-0.357513999035145,0.985440932323133,-0.202460255718586,-0.0923524568693125,-0.286019796157309,-0.060079763283143,-0.0952668983013784,0.792142294505192,-0.153840255229176,-0.197379407797354,-0.222703538000756,-0.313423249839633,-0.230032137763913,0.447591522157907,0.423351101406482,-0.0475464110434086,0.120423892100232,0.0313685780890932,1.79575247397203,-0.364492096432306,-0.0478282317172224,-0.14851781472648,0.194938765444177,-0.060045001607154,-0.142315356431117,0.0053960300637419,0.339441585502791,0.300456495094384,-0.291940454715294,-0.446849666064806,0.492121149111326,-0.714282137720183,-0.000270144492577451,-0.0758265628388647,"R"
-0.395685379647495,-0.416674656367963,-0.190528021091747,0.183111708420266,-0.123563202070519,0.183111708420266,0.112531594236515,-0.0327289094650731,-0.0887220289584718,-0.117977890274816,0.146139572648807,-0.315754851639339,-0.256604951138901,-0.36689534103162,-0.345782446968732,-0.315210745284384,0.16168754325924,0.0954002312733724,-0.170263450743668,0.353562320233838,-0.073057893722243,-0.172996688531282,0.403432510565677,0.4219841933837,-0.545061211649198,-0.195616149179348,0.0376759737644553,-0.318195209268859,-0.128795479979326,-0.0270482283182734,0.0264521980762286,-0.172906575322741,0.0184219127307206,0.105468659065576,0.0324311514932286,0.356541845976055,0.0640863030238622,-0.415399719603879,0.316329804808701,-0.226770372747258,-0.404469847794203,0.302269258739837,-0.132589705324338,0.0306122540794532,-0.203191949189945,0.24110347355018,-0.271246461853766,0.131802238034935,-0.550769973271325,-0.222008905888291,0.474145548695728,0.235193979445731,-0.537880856490348,-0.487908869053871,0.00136297501655031,0.245781239467621,-0.5229075563865,0.557429933990471,-0.380264890662872,-0.374348373778582,"R"
-0.491189404896408,-0.0971391835422454,-0.569200082782986,0.336473336644073,-0.254594120394711,0.336473336644073,0.137015158503648,-0.238908760700558,-0.193780832616863,-0.422693924955357,-0.241988311604967,-0.562517368477614,-0.371618216596474,-0.917079112979381,-0.851884694464431,-0.20142636854271,-0.0997631289019985,-0.205214711543297,-0.401142620043599,0.16795739467269,-0.200303458584119,-0.7207530576405,0.673234925222531,0.536289843546537,-0.695696852922709,-0.643292045833894,0.200512128547856,-0.778742288718199,-0.23434835842968,-0.136675140828731,0.0415127081963614,-0.348526297800304,0.0630232369181219,-0.142136078378681,0.0540676892231324,0.59658713615535,-0.0104444850568641,-0.153497532924996,0.270788162056885,-0.114884592310014,0.808818154230563,0.0745579216809576,-0.351219647989269,0.00327303424161904,-2.9499958030726,0.230743779045876,-0.434305519294593,-0.160317779357012,-0.533136590809025,-0.342618563220583,0.00308542778173659,-0.26934947924758,-0.566977192419321,-0.530684767060337,-0.336047450266468,0.438832394622253,-0.674315903053475,0.691763919533683,-0.272107987106233,-0.532845822756948,"NR"
0.747915333008219,0.336998400036542,-0.35396573128112,0.540828782524819,0.0882038204149401,0.540828782524819,0.552558330321284,0.762600015367862,0.812282244437144,0.879478292340652,0.710762951266018,-0.224721486603451,0.670635493346056,-0.31129669000453,-0.233385456914696,0.803777949113358,0.640290212513043,0.908647051265557,0.985550061010851,0.698380355702284,0.916982586904789,-0.298023276775953,0.423543752869148,-0.0325794179818662,-0.144093567131152,-0.343909738444171,0.563752837927144,0.929819761468368,0.704439905896453,0.66585726907247,-0.0881773255123462,0.777520965983823,0.231421758131034,0.88979290863653,0.377611819070952,0.661249919712296,0.374253636617893,0.724919717405154,0.338418603425023,0.918689788053933,0.865968788131724,0.241543705684533,0.584071933204801,0.385060527810185,-0.22683169441038,0.589636030791265,0.703075235684262,0.119407357691357,0.00634868045376297,0.803593376837411,0.69502723151917,0.702328729216264,0.884484420173437,0.813784686536531,0.661847317332119,0.435813394002519,0.626582617226507,0.444892749015602,0.458732930749894,0.811708759077269,"NR"
-0.276359802408407,-0.100124229943481,0.0407470966781076,-0.157918406681671,-0.051575782628347,-0.157918406681671,0.283476251595771,0.350133226740328,0.367350851081575,0.689170092497489,0.808490141930517,0.336228793270865,0.127715167993042,0.629928461804712,0.609360591088932,0.331534577979924,0.403688642518661,0.732044198895008,0.671247832509146,0.60763772130461,0.664803103929684,0.32711364464276,0.0974745230246756,-0.187461812501147,0.641104688503506,0.364682834179373,-0.301039996154074,-0.0564201271204098,-0.118447773304191,0.215779708317609,0.0125181467063615,0.31908846737392,0.186847468327339,-0.0690382932934911,0.196209245386995,-0.542964505735459,-0.127411976895331,-0.528645637531132,-0.114074422334353,0.146345420575981,0.595401708303912,0.197151430193037,-0.07636480411042,0.00343979501639912,0.279547599250607,0.0500565687403287,0.218088548664726,-0.0271643588755346,0.162514329008063,0.334363189384987,0.554402576959295,0.607438812873425,0.620604762134949,0.759332449251537,0.259656087098287,-0.278116525632681,0.435271806804213,-0.380204381574835,-0.551775275724006,0.532967236884782,"R"
0.00765184129419191,0.402808759114599,-0.22447271931791,-0.0738837134598085,-0.0645487636088706,-0.0738837134598085,-0.101908372421719,0.220665027561139,0.230353229322122,0.00898666124366676,0.362918245456321,-0.356236456392155,-0.265919147570905,-0.699933546596455,-0.69142341363475,-0.128501670521671,0.100514138817469,0.100365437193214,-0.443681247044166,0.0836445145967822,-0.0892821724422598,-0.50255092278191,0.0415541611805424,0.141724066135277,-0.840976236352575,-0.334158250592444,0.256942083544807,0.627928956505868,0.0968359932187591,0.0567998712743761,-0.308962415036409,0.100842181686212,0.0905983047948626,0.996923059699637,0.348948154033587,0.24902048943423,0.233736950442339,0.34188519902824,0.0891753769688467,-0.628811824197899,0.569429933828015,0.0635709824986353,0.156840077071328,0.0127851830203483,-0.0292264675545336,0.276839671342212,0.150434609015378,-0.383832092344359,0.245413261115433,0.180716431268701,0.452018540205574,0.449669171966358,-0.136384141905433,-0.238958607761666,-0.116767491066827,0.300137649640048,-0.370032676406597,0.724712406354522,0.324373730196953,-0.101060012254306,"NR"
0.522624648999678,0.484709464335083,0.196346839581488,0.355676007882697,0.196270787394028,0.355676007882697,-0.0443425615466221,0.0258700013906294,-0.0855627968685403,0.279355087358724,0.309935135829453,0.423578699666934,0.495773622196442,0.735149199988489,0.719811332048538,0.187098432279664,-0.0624678663239489,0.00154182191966085,0.199409158050253,0.0758500996335953,0.244902727998246,0.662512185698243,-0.166837980213194,-0.321823518322419,0.394153401535774,0.389418618065598,0.0852947192434917,0.295286255264905,0.396130953554329,0.211006454232617,0.0177061322191747,0.32299555392785,0.101247194570502,0.0189318749761481,-0.0202403616335721,0.54152482497278,0.27106762732313,0.671419396274873,0.328597345624597,-0.287837503547493,-0.173784599576161,0.14016819264888,0.505952676655594,0.0982924645867432,1.38196728923953,0.0821755332721506,0.309420785462894,0.476213498859317,0.0187452423936841,0.153776920604361,-0.370062196192451,-0.0552450696985106,0.384681167821723,0.51999160274246,0.397248163848376,0.133448984836807,0.553260097582428,-0.412459895864829,-0.27030937933638,0.384496683743857,"R"
0.031475892146055,0.348520737425274,-0.200429533376296,0.775586251204573,0.345919808799308,0.775586251204573,0.717777020384398,0.736475769741368,0.814148250881669,0.84416752312439,0.932310063579732,-0.187089302667204,0.703724735438302,-0.519285458718576,-0.464871210012161,0.731297724957104,0.810951259038365,0.846717204162886,0.817416993128256,0.742005918129488,0.863522457109778,-0.0320184346087829,0.311216822771334,0.559202856686418,-0.891779062299965,-0.075700802208353,0.498695861851897,1.08674679920675,0.612226931478536,0.66053363830066,-0.259930626966959,0.732313399388316,0.234780388756433,1.40261783554707,0.612547989972129,0.615370110855301,0.347324616281648,0.563047318761448,0.452221754973076,0.654253827187131,0.792113544409438,0.3521978098037,0.709505459216436,0.397580321969745,0.0275508714352449,0.696876315903757,0.626000247541312,-0.49384451663504,0.347445159580377,0.72773508041392,0.817059844443035,0.925740348172408,0.757356241046648,0.696296890419407,0.723223017236028,0.798447432772041,0.466893413665227,0.4491423857092,0.070618189899769,0.703852602927419,"NR"
-0.429883292682397,-0.447175337297309,0.181534609232452,0.377604901546021,0.0503587206640494,0.377604901546021,-0.0438480901316668,-0.483886232089513,-0.57114395170876,-0.554429480197932,-0.587181298568205,0.141929552975587,-0.064011713403616,0.560592012784769,0.367038719495607,-0.253178411987296,-0.427469501098528,-0.686046511628114,-0.720955622632355,-0.403328580189181,-0.569536969478106,0.312749175152091,0.0415649492484842,0.0343379119452768,0.750867052023024,0.334358739901813,-0.0631103419855084,-0.384998046641839,-0.380445946617277,-0.462947907796853,0.111222515049696,-0.489385210404751,0.0145575526727843,-0.600715478708097,-0.0446892352156661,-0.102974034290429,-0.201589743074251,-0.770327552987085,0.153798869001831,0.467469753188787,-0.353454871935,0.103750166927562,-0.531791907514636,-0.0742286685123068,-0.0609201393377726,-0.339750230994105,-0.399443987690376,-0.0184642007602323,0.136794658277821,-0.518265751607907,-0.584250387067146,-0.786921050941213,-0.427880480105015,-0.755181381383017,-0.520258367623097,-0.712668255822457,-0.168649205580765,-0.127487193280033,-0.305224019347615,-0.523863589372361,"R"
-0.734789592033909,-0.728929491132919,-0.179899507077559,-0.24620654923899,-0.0366129293253996,-0.24620654923899,-0.34942859301109,-0.540313484663572,-0.433389102447165,-0.701531549484686,-0.767131205446554,-0.159489754108087,-0.507368608787736,-0.430780360707236,-0.410599659258786,-0.370385720127183,-0.0781117420656307,-0.687226024139806,-0.73662577869164,-0.304352974426595,-0.673216550507392,-0.546067389421074,-0.698083102112073,-0.557667303807273,0.775144508670507,0.149132024847017,-0.25310339970098,-1.76539211476539,-0.592358420185481,-0.426410877587837,0.129365305550076,-0.581156117455772,-0.0203013205321996,-1.93783768065762,-0.0156229560020659,-0.632920949279291,-0.459709659840505,-0.842260757868257,-0.397073618393959,0.0134874759152598,0.633934878941576,-0.118604638731787,-0.344315992292894,-0.222199018242927,-0.847380118733844,-0.383637144833794,-0.479947591003894,0.0251033347426273,0.157196090041701,-0.634143839035088,-0.360465104954308,-0.444016188090082,-0.623438816441787,-0.788011066306743,-0.616261758556912,-0.467888814500282,-0.42528778643705,-0.488806337656484,0.216989012401243,-0.481693221263828,"NR"
0.471010434280859,-0.313646381169726,-0.412497347064142,-0.495920334083235,-0.199348394652259,-0.495920334083235,-0.121562356047492,0.502045394553288,0.346694441712229,0.269295886707969,0.543510371845096,-0.284868108816794,-0.244604593639353,-0.598036227057106,-0.599822852387245,0.346033379607146,0.330761566286907,0.548943322238755,0.417250016055489,0.037689706877762,0.180535401984664,-0.520745107537571,0.120252716577743,0.0405850982367494,-0.519142049930121,-0.536541057854372,0.428193574958025,0.341818226913656,0.234413698923901,0.245106515463235,-0.140588115571344,0.224569821743672,0.0414320415109673,0.729717073566819,0.11249948789164,0.547883614875748,-0.117968351050962,-0.45852833181347,0.228660441625951,-0.339027046704396,0.581658210776458,0.303804329538873,-0.120651624927116,0.112024397688264,-0.353140449504356,0.308006397046374,0.19013154572977,-0.420610450458121,0.23758368755877,0.28274524389638,0.523921132606666,0.619958447410942,0.245312622477171,0.159903365355448,-0.184466221486668,-0.0989846602411368,-0.564686089165209,0.656464485481454,-0.235183692330715,-0.0910805841486254,"NR"
-0.325954032080793,-0.435227398225997,0.0138885272564885,-0.459413848011327,-0.288902059301766,-0.459413848011327,-0.519302411871537,-0.48338824506096,-0.555388404315301,-0.0937821171632295,-0.214886648256473,-0.0535182062451239,-0.388278388278513,0.0451025497655964,-0.252628262018886,-0.280947990710813,-0.69154784625016,-0.490926041305658,-0.0339734121122189,-0.0813288402143534,0.112060656685768,-0.323018376855587,-0.468906591288754,-0.621445926282531,0.897174052665375,-0.282785175485231,-0.481785129294986,-1.17666740911868,-0.40589068584026,-0.387534091968688,0.109017716651156,-0.435351540165636,-0.0646562143875116,-1.61997351013751,-0.128998346749689,-0.581994501817255,-0.148613207345163,-0.415928066795199,-0.33237594446169,-0.580837864115179,-0.326476717328131,0.0637514942627122,-0.644647313403694,-0.203977111812996,-1.28955620532322,-0.428706180600062,-0.246748062232664,0.135789349563318,-0.332395738721187,-0.405646398675398,-0.631605647930892,-0.488726151474093,-0.0832637327336815,0.0679599177800413,-0.254834194911328,-0.297518878919623,0.152341590339653,-0.509488198044955,-0.393720865099748,-0.416890021617379,"R"
-0.546946118004325,-0.682507418058459,-0.0309263359773613,0.539948474572809,-0.00954520873621498,0.539948474572809,0.582192579671231,-0.094127388237734,-0.208984542978086,-0.532827816323881,-0.415781628382777,-0.313506744658079,-0.644243603248328,-0.484432991277334,-0.562139236237179,0.242876158490197,0.631613735243353,-0.0600334049718853,-0.462719157408275,0.158673436758303,-0.317805287320577,-0.321510887278117,0.150969010904039,-0.0297645848158847,-0.359010004750459,-0.12214372096476,-0.0787918188182149,-0.0593020766519825,-0.430867150708059,0.0409272991586083,-0.0300108051281226,-0.326309572797522,-0.104281710845755,0.379641538429355,0.0384043654145422,-0.541657998627951,-0.312140406748221,-0.85985870263392,0.0196238138794332,0.535950002677029,-0.433193256296125,0.185477482355693,-0.043930635838103,0.0842014759963859,-0.00402031967029736,0.376802848033135,-0.490670457343487,-0.357625158082724,0.0432255413143806,-0.242580800141441,0.524263895943256,0.566899245330302,-0.623059371516531,-0.434980602047769,-0.511018484822565,0.547570479700735,-0.6037693736006,0.439030417224586,0.0025701985478733,-0.536111648925988,"NR"
-0.463131091130168,-0.0290201467431877,-0.422385334141607,0.699582396402139,-0.00717837508234026,0.699582396402139,0.568513183701162,0.277237616561353,0.2952375361687,0.469681397739049,0.452764754993236,-0.410013323174707,0.615717289035078,-0.53137180244841,-0.476103636920773,0.404097177147781,0.526858103981451,0.390685506193694,0.254896923768573,0.344705466125092,0.470285362841653,-0.500571215173068,0.525922210006923,0.527926060765157,-0.404449456425822,-0.474863370673398,0.385509279959052,-0.230517471428346,0.513063271167872,0.366355297087965,-0.0707671632366157,0.472926691613632,0.14600904869201,-0.00566897544780736,0.0874888063021382,0.493866015800677,0.13583480113041,0.137636480411085,0.487964863869603,0.0427745664740276,-0.446739957358546,0.352369109722912,0.387861271676247,0.217373372502663,-1.2106823884271,0.474682852449632,0.318275014008658,0.50984303266685,-0.516746872862353,0.43174566854063,0.400896105804882,0.49449260512744,0.518554952204892,0.340550491395388,0.465512807177131,0.713713038756694,0.0688096091589764,0.439790012927875,0.035447390291424,0.43094122478826,"NR"
-0.650435401158756,-0.434758363106965,0.369459425495458,-0.687978656775412,-0.21830873169386,-0.687978656775412,-0.553076363871987,-0.662572645805666,-0.627591664807413,-0.692124871530962,-0.450966540363803,-0.175009455755064,-0.753387685992794,-0.284669199939059,-0.306660649842679,-0.578236874136348,-0.604612332897028,-0.479055882584947,-0.610365422901969,-0.0387753410705198,-0.576269569367376,0.0824307573795895,-0.460506380274019,-0.35868304410607,0.629390715573655,0.190911561779576,-0.540264467901496,-1.2634402648178,-0.637383283863326,-0.426212724331419,0.437382800735172,-0.676511873231413,-0.151318542059493,-0.93531280041803,-0.102790142463749,-0.748667223328103,-0.150532181735271,-0.847442187254507,-0.302364512318142,-0.781117533719245,0.251755007076623,0.041373415227522,-0.594669235710015,-0.269730624867693,-0.37735270892966,-0.47509013638694,-0.608966648741599,0.379451511286099,-0.190545533699082,-0.655882493816913,-0.330089310552377,-0.399691655424827,-0.624932259311202,-0.4517173319111,-0.588342610387392,0.046123781661307,-0.6299435048928,-0.168320799027553,-0.430372672696867,-0.672693158837919,"NR"
0.679636791270322,0.487423833732017,-0.24903121595379,0.0660456151622367,0.0503609690786429,0.0660456151622367,-0.178653248596249,0.311284852297872,-0.0121414486432429,-0.115429085303124,0.0398818316100822,-0.324112462952188,0.182995067860862,-0.613356587958673,-0.527190565342113,-0.0945727795844522,-0.182654097792246,-0.33925631840159,-0.365120339423855,-0.191471277236067,-0.363321364246374,-0.327992907840409,0.6242988334796,0.315441938030614,-0.769171483622893,-0.406019402463045,0.472196308612022,0.349723770681801,0.380686660213105,0.206290399667069,-0.233239890152291,0.134638883391912,0.289667603038191,0.469193869193716,0.231952766241984,0.847967114137079,0.163870700714396,0.476035277283792,0.356753370417839,-0.449948244206471,0.657054781324118,0.170226363317145,0.228522034615777,0.0733447342905125,-0.167382426341737,0.202272448022624,0.17216269725447,-0.454248356816188,-0.0236710224474883,0.116871670658962,-0.333508585996397,-0.329919855673295,-0.428207204071588,-0.541384402455129,0.205298732759674,0.0676461398702889,-0.249588595618703,0.64856263061248,-0.452332520770302,-0.331341173446566,"NR"
-0.566539246556244,-0.553154141890844,0.040305438897871,-0.761965949245575,-0.193752737408814,-0.761965949245575,-0.738741379140025,-0.685555144506743,-0.68923269478159,-0.846178480062676,-0.713453349095996,-0.280303638116835,-0.777840852913254,-0.788350688072206,-0.733885824899481,-0.708856407615706,-0.725579018485949,-0.860079660799538,-0.84188555648384,-0.595156594142642,-0.747220972820609,-0.443655742832078,-0.699287241851347,-0.597520112319887,0.797559409119961,-0.367392108124038,-0.633271802613216,-1.2671378592105,-0.661774562719349,-0.641199829888828,0.0456257263604708,-0.813916163320635,-0.174584527545862,-1.3289422915095,-0.387452010027871,-0.811124955528825,-0.447572680844754,-0.735966602441119,-0.464804333860327,-0.560822093770367,-0.760061607970383,-0.0560531781925548,-0.68944796634089,-0.333688434760919,-1.54980631969377,-0.600556053502275,-0.723870364451289,0.112883476470877,0.114684601139105,-0.819616903999473,-0.5798174637274,-0.479777607340972,-0.872598779313095,-0.70274833713507,-0.692850640778405,-0.556668803330844,-0.768717965292732,-0.33862371076866,-0.585265986336348,-0.834312327057171,"NR"
0.178348859620957,-0.0337966697995636,0.278192862511812,0.122389977513666,0.398802680444713,0.122389977513666,0.327192255713218,-0.159496632733331,-0.398845731022939,-0.348856628982242,-0.0687817095883491,0.416380179959343,-0.119401066769572,0.556449805628381,0.581196567738997,-0.29348454093362,-0.452948639799852,-0.422073750481797,-0.527143067318428,-0.186207004975817,-0.34041306905649,0.485156147255196,0.0316299476519706,-0.113399139730575,0.231189095753239,0.221121779096984,-0.225611126275212,0.687665139066088,-0.30843198691378,-0.26242054604003,-0.128941259204062,-0.288003290136657,0.166233058587144,0.197417954772995,0.00806307818453504,-0.308131451523824,-0.195249938484949,-0.205202312138769,-0.243831124403672,0.0740526653821842,0.729740151659802,-0.133236950264721,-0.522350674374015,0.0425472020553865,1.5774607107318,-0.496805076609767,-0.103060212140135,-0.0415908084241058,0.602046426507128,-0.230382075196297,-0.317768651484594,-0.312683410361449,-0.2471570831996,-0.592879036659545,-0.353483393257217,-0.368620570600654,0.277685003269751,-0.278429605767717,0.111161087194025,-0.322217779757282,"NR"
0.366164654421083,0.647438425309104,0.332606756408434,-0.596388215559266,0.263574596775785,-0.596388215559266,-0.378767835949136,-0.174120795961944,-0.0026912086689854,-0.161910816866057,-0.39522188684112,0.166923617119268,-0.286877015715851,0.377808496573056,0.21957165942446,-0.413402027239416,-0.321843102118853,-0.0701528973402743,0.0491297925631338,0.144411485791264,0.336726045330484,0.240305984820142,-0.347742682169931,-0.155812560186098,0.893577392421319,0.2840103828703,-0.417765445753005,0.0648161391999412,0.115108278852886,-0.134821111840918,0.0181962376731823,-0.161177727310308,0.170169368454974,-0.167215726302967,0.236196335865543,-0.302334107341493,0.366480821304116,0.77989723827861,0.0447397650950838,0.588246628131038,0.520017365272056,-0.00211625035189001,-0.179254977520875,0.118660331914767,0.18708636070412,-0.329693664002874,0.125479613855834,0.181083392519628,0.225294021764157,-0.174892735796598,-0.374015816887816,-0.441835250091881,0.143527144233869,-0.0972507708118565,0.102190747091694,-0.15990041229244,0.159533823691103,-0.26430431235806,-0.562599640641704,-0.0284043441938974,"NR"
-0.0291680051397337,0.175513057841987,-0.0526401834360725,-0.496759753288622,-0.463657376909985,-0.496759753288622,-0.633668688143034,-0.587506125641185,-0.46019035341567,-0.49120528269065,-0.615061285116781,0.141332609697585,-0.722896551072129,0.276545205494231,0.24268569584905,-0.46507976769904,-0.482934336465835,-0.601166142602685,-0.56643760837486,-0.457537368978985,-0.508920141215534,-0.227811256242319,0.0210446537434358,0.127271133378168,0.84393063583807,-0.0540535872692229,-0.266581387031717,-1.46268887905325,-0.340425818225048,-0.374274279660701,0.478543546032553,-0.644682665161512,-0.0763136478936125,-1.71077200205631,0.0224465944971354,-0.486351082278635,0.149269503611448,0.434693470770823,-0.149518295594856,0.198809105217301,-0.653780493437829,0.0183316539425042,-0.693063583815403,-0.179977689729663,-0.261793022017653,-0.430909106017866,-0.578384929342366,0.508774520970212,-0.357578726895492,-0.658388545734251,-0.49807972209899,-0.642577246739903,-0.575766398621196,-0.570857864356124,-0.462668235502268,0.03759516197607,-0.180481083485802,0.0233022896403618,0.341658572590392,-0.644495855021908,"NR"
0.275769583877346,0.254183465248849,-0.00421177189453964,0.103308705428774,-0.209349997788336,0.103308705428774,0.163505691187672,-0.253924822407519,0.0635931069958553,-0.138360739979335,0.135379872840571,0.16795957315016,-0.289114959873124,0.196634652100308,0.217243893173757,-0.441098511843002,-0.166840623016673,-0.275930363116044,-0.36330882249389,0.243044331648883,-0.0122327286487588,0.359397597037151,0.0127142876124687,-0.196233817828957,0.811303789338434,0.00511113576790359,0.0420394613149531,-0.990452191360977,-0.190165036682222,-0.135489405535504,0.0902965545791634,-0.222357422749305,0.0351175587570108,-0.890981215749226,0.214913544387357,-0.262155031172166,0.161950759985894,0.497126753946194,-0.200329745364986,-0.55608354025731,0.637980861858489,0.00355140400545698,-0.180346820809195,0.0278558253457401,-0.423767921918696,-0.401909080104396,-0.140182402242206,0.263930294005456,0.0981245138869782,-0.15736582559949,0.30038993013631,0.0538960621829289,-0.19940252498237,-0.15775950668021,-0.135277755079071,-0.52756636493022,0.298881329567246,-0.175660131463072,0.630754969467899,-0.207292879753689,"NR"
-0.109015619800754,-0.0733468596678371,0.33184715040666,-0.485741582911096,0.229753428563228,-0.485741582911096,-0.539870204973621,-0.492221253397111,-0.445834586728644,-0.648060123329521,-0.795067754158925,0.406693019166696,-0.382186505212044,0.599349070967092,0.6085862758551,-0.535046120578844,-0.546770878710388,-0.642939740460119,-0.639714854537687,-0.512326341552073,-0.705326736490752,0.587103868836368,0.0362970576898593,0.0805275135742296,-0.704720555542536,0.450068914639476,-0.438162699505974,-0.100513211253931,-0.424675961709637,-0.30706912946842,-0.0766670212091574,-0.552482782259769,0.0216362698357191,-0.136249769414171,-0.13392656699753,-0.487860118717586,-0.096641530342856,-0.31707728723253,-0.213593159287894,-0.435260115607062,-0.886262924668294,-0.0808799553817754,-0.397560435096003,-0.316645038247304,1.5041015225558,-0.38421071639213,-0.518323157852143,-0.238460388810299,0.135109599922613,-0.565442896596992,-0.37784310144276,-0.596454037386684,-0.533863099262961,-0.517228461315157,-0.463594763821587,-0.435834642220646,-0.135853130822566,-0.525468029007129,-0.748771639652048,-0.468428069374589,"NR"
0.739775662409641,0.695670804786662,0.386953212784267,-0.272957887803512,0.0585132435995955,-0.272957887803512,-0.21457883892331,0.65880482321984,0.602062781830719,0.828430113052443,0.78485646393938,0.416871439276763,0.452138972160709,0.707729423114103,0.626483345037896,0.694283350584226,0.502881755201744,0.663212129876723,0.884850041744218,0.589884449076893,0.81491566027808,0.598950237510472,0.0639466705511345,-0.355210422703807,-0.91913937058516,0.431580493783316,0.464921509239661,0.900311921077693,0.677991204491321,0.491075685785205,0.0223165676021221,0.66092646480857,0.219843737154932,0.841731737310639,0.23487353433243,0.842186396043443,0.47945806144567,0.728901734104017,0.350604353231389,0.398917037101689,0.151371138655226,0.23676242861302,0.887797045600464,0.289708049137733,1.2730107727531,0.495943015183606,0.62612592506032,-0.397379053879365,0.274528926634545,0.614348215099196,0.407505110147049,0.435986381448,0.675682621265608,0.736382322713357,0.740514849149793,0.430742374374968,0.607469092200257,0.132739540829535,-0.0905994988112422,0.694207570922428,"NR"
-0.54225439637246,-0.61706532925425,0.290175855122086,-0.753870864118724,0.0517194741187172,-0.753870864118724,-0.671582319030239,-0.760737468291389,-0.731167449813659,-0.645249440212073,-0.687116449987606,0.124548760484574,-0.705096073516831,0.381439320856593,0.271403465427323,-0.886202691893546,-0.791813310254061,-0.681099832969528,-0.562134737653626,-0.534091717214343,-0.66503887425344,-0.165552975790518,-0.677558693654072,-0.381968627977254,0.786769428387846,-0.288207347053914,-0.709050702948009,-1.8486010791146,-0.732485503236104,-0.680959388999489,0.437310218957018,-0.76003723964856,-0.0764018327878104,-1.9193984315081,-0.257557510927044,-0.676986318966887,-0.516728912773495,-0.899036608863886,-0.512035136130397,-0.380826631521407,-0.904437736819111,-0.125744674619342,-0.663326910726162,-0.563533816811578,-0.324011391763618,-0.653016271343335,-0.742688799824602,0.212628753667227,-0.0700940469055002,-0.823657987785749,-0.751252186374384,-0.858161495471343,-0.750337295214127,-0.653520041109553,-0.74063999758368,-0.598139181885691,-0.678063075240333,-0.213777459195451,-0.681825995848817,-0.696034959192532,"NR"
0.0166109830949803,-0.0989160379778899,-0.0736555078415733,-0.428582248916341,-0.258080244869866,-0.428582248916341,-0.462782304681124,-0.780276733828778,-0.525065388966574,-0.818794964028299,-0.707469012909098,0.0351640113812276,-0.642765716294206,-0.0815228366180547,0.167625526341335,-0.684550188953586,-0.705690573661804,-0.759087221045807,-0.942842463554755,-0.189179460762755,-0.671905879015388,-0.447933742947585,-0.513360977626525,-0.691758939981149,0.880603725112344,-0.335101098184405,-0.481263097480472,-1.78507439534338,-0.633327681264476,-0.555586319695581,0.375442635022763,-0.7166233349999,-0.119182352446024,-1.7815955372201,-0.146224191458335,-0.796163985467894,-0.246142728098609,-0.352399799300541,-0.309660611517982,-0.0324547426050055,-0.330678826022957,-0.0324369731203719,-0.890687219011559,-0.482777921608587,-0.681953136314378,-0.607956802001796,-0.658213035887535,0.499004650170872,-0.179201700273432,-0.693092854796377,-0.686247666907447,-0.886747607117756,-0.767917752804189,-0.760222585099482,-0.673739261158859,-0.667964055024135,-0.649183512800809,-0.574282954182533,-0.332213515740195,-0.740046546714495,"NR"
-0.430943060941199,-0.261334657364914,0.239890152991669,-0.40854481207871,-0.193837040537897,-0.40854481207871,-0.296298401647498,-0.436514739275048,-0.683209740703842,-0.820026960381374,-0.877785627128018,-0.0782517080880665,-0.469854259917665,0.137484574799484,-0.210427272029659,-0.270771271412771,-0.536854285271009,-0.776050366183049,-0.901547749021277,-0.596445643286712,-0.763368321421502,-0.046581315520861,0.630412437363453,0.369815559387833,-0.43588566336894,0.0104762102037128,0.0692210860013836,0.113718565698989,-0.151175474467571,-0.335286168747754,-0.11551397592283,-0.590250921426821,0.0663704788455,-0.29216819330579,-0.051691309353169,-0.0981084388762983,-0.0572025131350983,-0.232755298651327,-0.00416202449906422,0.554942719045047,-0.171768485205046,-0.0241688231357681,-0.523657769142037,-0.101886790724054,0.118353405099874,-0.224752694058447,-0.226694475936443,0.256501260083633,-0.233162960546028,-0.606159302734205,-0.655346326719699,-0.868760840239131,-0.636508671779734,-0.733729648479423,-0.396268849211275,-0.45010253416209,-0.133569364658736,0.412084540691165,0.689996731315363,-0.512291303734406,"NR"
